strAudioPath,nAppenAudioTime(UTC ms),nAudioVadEndPoint(ms),nMsgCallBackTime(UTC ms),nSrResultTime(UTC ms),nSearchProcessTime(ms) 2.24,nNLIInterpretTime(ms) 103.80,nRecTime(ms) 771.91,nFinalResultTime(ms) 869.08,RecTimeBiggerThan3s(%) 2/339=0.59%,FinalResultTimeBiggerThan3s(%) 2/344=0.58%
/data/AIUI/sr/400_noencode/shiqu/LSA/C3/hight_c3_1s_5s/hight_c3_1s_5s_7_encode.pcm,1499905397798.0,2511,1499905401170.0,1499905401076.0,3.643,87.416,767.0,861.0
/data/AIUI/sr/400_noencode/jiaoqu/C3/LSA/low_c3_2.5s_3.5s/low_c3_2.5s_3.5s_167_encode.pcm,1499905405325.0,5172,1499905411185.0,1499905411064.0,1.987,117.884,567.0,688.0
/data/AIUI/sr/400_noencode/jiaoqu/C4/LSA/low_c4_2.5s_3.5s/low_c4_2.5s_3.5s_164_encode.pcm,1499905414012.0,6542,1499905419304.0,1499905419189.0,2.309,110.064,,
/data/AIUI/sr/400_noencode/jiaoqu/C4/LSA/low_c4_2.5s_3.5s/low_c4_2.5s_3.5s_164_encode.pcm,1499905414012.0,6542,1499905421686.0,1499905421608.0,,76.117,1054.0,1132.0
/data/AIUI/sr/400_noencode/shiqu/LSA/C4/hight_c4_1s_5s/hight_c4_1s_5s_27_encode.pcm,1499905424068.0,4580,1499905429483.0,1499905429359.0,2.166,117.646,711.0,835.0
/data/AIUI/sr/400_noencode/shiqu/LSA/C4/hight_c4_1s_5s/hight_c4_1s_5s_1_encode.pcm,1499905433671.0,3295,1499905437759.0,1499905437582.0,2.737,168.448,616.0,793.0
/data/AIUI/sr/400_noencode/jiaoqu/C4/LSA/low_c4_2s_4s/low_c4_2s_4s_321_encode.pcm,1499905441978.0,3591,1499905446633.0,1499905446496.0,2.271,126.608,927.0,1064.0
/data/AIUI/sr/400_noencode/shiqu/LSA/C4/hight_c4_2s_4s/hight_c4_2s_4s_188_encode.pcm,1499905449592.0,4643,1499905455162.0,1499905455034.0,2.017,118.156,799.0,927.0
/data/AIUI/sr/400_noencode/jiaoqu/C4/LSA/hight_c4_0.5s_5.5s/hight_c4_0.5s_5.5s_30_encode.pcm,1499905458249.0,3563,1499905461809.0,1499905461705.0,2.017,99.861,,
/data/AIUI/sr/400_noencode/jiaoqu/C4/LSA/hight_c4_2.5s_3.5s/hight_c4_2.5s_3.5s_213_encode.pcm,1499905467326.0,5798,1499905473974.0,1499905473822.0,2.391,147.858,698.0,850.0
/data/AIUI/sr/400_noencode/jiaoqu/C3/LSA/hight_c3_1s_5s/hight_c3_1s_5s_117_encode.pcm,1499905476633.0,2883,1499905480479.0,1499905480381.0,2.11,93.451,865.0,963.0
/data/AIUI/sr/400_noencode/jiaoqu/C3/LSA/hight_c3_1s_5s/hight_c3_1s_5s_61_encode.pcm,1499905502178.0,1996,1499905505186.0,1499905505093.0,2.019,86.673,919.0,1012.0
/data/AIUI/sr/400_noencode/jiaoqu/C3/LSA/low_c3_2s_4s/low_c3_2s_4s_71_encode.pcm,1499905509185.0,4078,1499905514126.0,1499905513993.0,2.296,128.957,730.0,863.0
/data/AIUI/sr/400_noencode/jiaoqu/C3/LSA/hight_c3_1s_5s/hight_c3_1s_5s_113_encode.pcm,1499905517272.0,3163,1499905520915.0,1499905520846.0,,66.702,411.0,480.0
/data/AIUI/sr/400_noencode/jiaoqu/C4/LSA/hight_c4_0.5s_5.5s/hight_c4_0.5s_5.5s_138_encode.pcm,1499905525448.0,3895,1499905530174.0,1499905530035.0,2.025,131.838,692.0,831.0
/data/AIUI/sr/400_noencode/jiaoqu/C3/LSA/hight_c3_0.5s_5.5s/hight_c3_0.5s_5.5s_359_encode.pcm,1499905534858.0,475,1499905538740.0,1499905538596.0,2.162,134.865,3263.0,3407.0
/data/AIUI/sr/400_noencode/shiqu/LSA/C3/hight_c3_0.5s_5.5s/hight_c3_0.5s_5.5s_97_encode.pcm,1499905540846.0,1734,1499905543374.0,1499905543306.0,,62.852,726.0,794.0
/data/AIUI/sr/400_noencode/jiaoqu/C3/LSA/low_c3_0.5s_5.5s/low_c3_0.5s_5.5s_90_encode.pcm,1499905548093.0,1844,1499905550849.0,1499905550765.0,,77.18,828.0,912.0
/data/AIUI/sr/400_noencode/jiaoqu/C3/LSA/low_c3_2s_4s/low_c3_2s_4s_171_encode.pcm,1499905555450.0,3803,1499905560215.0,1499905560117.0,2.011,93.458,864.0,962.0
/data/AIUI/sr/400_noencode/jiaoqu/C4/LSA/low_c4_2.5s_3.5s/low_c4_2.5s_3.5s_318_encode.pcm,1499905563267.0,4475,1499905567923.0,1499905567860.0,,59.326,118.0,181.0
/data/AIUI/sr/400_noencode/jiaoqu/C3/LSA/hight_c3_1s_5s/hight_c3_1s_5s_84_encode.pcm,1499905571254.0,2322,1499905574540.0,1499905574482.0,,56.192,906.0,964.0
/data/AIUI/sr/400_noencode/jiaoqu/C4/LSA/hight_c4_2s_4s/hight_c4_2s_4s_355_encode.pcm,1499905578594.0,4800,1499905584704.0,1499905584568.0,2.008,131.702,1174.0,1310.0
/data/AIUI/sr/400_noencode/jiaoqu/C4/LSA/hight_c4_2.5s_3.5s/hight_c4_2.5s_3.5s_116_encode.pcm,1499905587411.0,3779,1499905592338.0,1499905592229.0,5.942,104.397,1039.0,1148.0
/data/AIUI/sr/400_noencode/jiaoqu/C4/LSA/hight_c4_0.5s_5.5s/hight_c4_0.5s_5.5s_32_encode.pcm,1499905594698.0,4004,1499905597379.0,1499905597288.0,2.228,86.58,,
/data/AIUI/sr/400_noencode/jiaoqu/C3/LSA/hight_c3_2s_4s/hight_c3_2s_4s_143_encode.pcm,1499905604219.0,3288,1499905608453.0,1499905608337.0,2.76,109.525,830.0,946.0
/data/AIUI/sr/400_noencode/jiaoqu/C4/LSA/hight_c4_2.5s_3.5s/hight_c4_2.5s_3.5s_217_encode.pcm,1499905611516.0,3798,1499905616262.0,1499905616176.0,2.207,79.004,862.0,948.0
/data/AIUI/sr/400_noencode/jiaoqu/C3/LSA/hight_c3_1s_5s/hight_c3_1s_5s_67_encode.pcm,1499905618825.0,1985,1499905621848.0,1499905621753.0,2.195,87.37,943.0,1038.0
/data/AIUI/sr/400_noencode/jiaoqu/C3/LSA/hight_c3_2s_4s/hight_c3_2s_4s_183_encode.pcm,1499905625822.0,3903,1499905629833.0,1499905629762.0,,67.691,37.0,108.0
/data/AIUI/sr/400_noencode/shiqu/LSA/C3/low_c3_2s_4s/low_c3_2s_4s_74_encode.pcm,1499905633743.0,5123,1499905639738.0,1499905639596.0,2.516,138.593,730.0,872.0
/data/AIUI/sr/400_noencode/shiqu/LSA/C4/low_c4_0.5s_5.5s/low_c4_0.5s_5.5s_11_encode.pcm,1499905642880.0,4452,1499905647897.0,1499905647814.0,,82.062,482.0,565.0
/data/AIUI/sr/400_noencode/jiaoqu/C3/LSA/low_c3_2s_4s/low_c3_2s_4s_189_encode.pcm,1499905652849.0,3553,1499905657267.0,1499905657132.0,2.053,127.708,730.0,865.0
/data/AIUI/sr/400_noencode/shiqu/LSA/C4/hight_c4_0.5s_5.5s/hight_c4_0.5s_5.5s_353_encode.pcm,1499905677790.0,2376,1499905681121.0,1499905681003.0,2.16,113.655,837.0,955.0
/data/AIUI/sr/400_noencode/shiqu/LSA/C4/low_c4_0.5s_5.5s/low_c4_0.5s_5.5s_117_encode.pcm,1499905685678.0,2383,1499905688961.0,1499905688864.0,1.981,90.402,803.0,900.0
/data/AIUI/sr/400_noencode/jiaoqu/C4/LSA/low_c4_2s_4s/low_c4_2s_4s_143_encode.pcm,1499905693576.0,3288,1499905697700.0,1499905697583.0,2.038,113.488,719.0,836.0
/data/AIUI/sr/400_noencode/jiaoqu/C4/LSA/low_c4_1s_5s/low_c4_1s_5s_265_encode.pcm,1499905700873.0,2483,1499905704347.0,1499905704256.0,2.045,87.768,900.0,991.0
/data/AIUI/sr/400_noencode/jiaoqu/C3/LSA/hight_c3_1s_5s/hight_c3_1s_5s_76_encode.pcm,1499905708370.0,4240,1499905711563.0,1499905711468.0,1.986,90.474,,
/data/AIUI/sr/400_noencode/jiaoqu/C3/LSA/hight_c3_1s_5s/hight_c3_1s_5s_76_encode.pcm,1499905708370.0,4240,1499905713105.0,1499905713032.0,,70.489,422.0,495.0
/data/AIUI/sr/400_noencode/shiqu/LSA/C4/hight_c4_2s_4s/hight_c4_2s_4s_230_encode.pcm,1499905717627.0,3332,1499905722001.0,1499905721932.0,,66.652,973.0,1042.0
/data/AIUI/sr/400_noencode/shiqu/LSA/C3/hight_c3_2s_4s/hight_c3_2s_4s_309_encode.pcm,1499905744727.0,3302,1499905748948.0,1499905748825.0,2.033,115.008,796.0,919.0
/data/AIUI/sr/400_noencode/jiaoqu/C3/LSA/hight_c3_2s_4s/hight_c3_2s_4s_48_encode.pcm,1499905752044.0,3862,1499905756728.0,1499905756620.0,2.096,103.248,714.0,822.0
/data/AIUI/sr/400_noencode/jiaoqu/C4/LSA/low_c4_2s_4s/low_c4_2s_4s_193_encode.pcm,1499905759922.0,3316,1499905764193.0,1499905764104.0,2.206,83.319,866.0,955.0
/data/AIUI/sr/400_noencode/shiqu/LSA/C3/hight_c3_0.5s_5.5s/hight_c3_0.5s_5.5s_49_encode.pcm,1499905767249.0,2357,1499905770453.0,1499905770353.0,2.042,94.343,747.0,847.0
/data/AIUI/sr/400_noencode/jiaoqu/C3/LSA/hight_c3_0.5s_5.5s/hight_c3_0.5s_5.5s_315_encode.pcm,1499905775116.0,3239,1499905779293.0,1499905779164.0,2.119,125.32,809.0,938.0
/data/AIUI/sr/400_noencode/shiqu/LSA/C4/hight_c4_1s_5s/hight_c4_1s_5s_237_encode.pcm,1499905783865.0,4844,1499905789275.0,1499905789141.0,1.996,126.245,432.0,566.0
/data/AIUI/sr/400_noencode/jiaoqu/C4/LSA/hight_c4_0.5s_5.5s/hight_c4_0.5s_5.5s_91_encode.pcm,1499905793723.0,1793,1499905796416.0,1499905796333.0,2.148,81.094,817.0,900.0
/data/AIUI/sr/400_noencode/jiaoqu/C3/LSA/hight_c3_2.5s_3.5s/hight_c3_2.5s_3.5s_55_encode.pcm,1499905801029.0,3623,1499905805611.0,1499905805483.0,2.267,120.29,831.0,959.0
/data/AIUI/sr/400_noencode/jiaoqu/C3/LSA/hight_c3_1s_5s/hight_c3_1s_5s_48_encode.pcm,1499905808172.0,2862,1499905811846.0,1499905811739.0,1.97,102.954,705.0,812.0
/data/AIUI/sr/400_noencode/shiqu/LSA/C3/hight_c3_2s_4s/hight_c3_2s_4s_358_encode.pcm,1499905816049.0,4780,1499905821775.0,1499905821611.0,1.979,155.553,782.0,946.0
/data/AIUI/sr/400_noencode/shiqu/LSA/C4/low_c4_2s_4s/low_c4_2s_4s_245_encode.pcm,1499905843216.0,5479,1499905849521.0,1499905849393.0,1.989,119.089,698.0,826.0
/data/AIUI/sr/400_noencode/jiaoqu/C4/LSA/low_c4_2.5s_3.5s/low_c4_2.5s_3.5s_210_encode.pcm,1499905852703.0,4700,1499905857822.0,1499905857718.0,1.991,97.881,315.0,419.0
/data/AIUI/sr/400_noencode/shiqu/LSA/C4/hight_c4_1s_5s/hight_c4_1s_5s_10_encode.pcm,1499905860923.0,4182,1499905865811.0,1499905865695.0,1.967,112.109,590.0,706.0
/data/AIUI/sr/400_noencode/shiqu/LSA/C4/hight_c4_0.5s_5.5s/hight_c4_0.5s_5.5s_235_encode.pcm,1499905870120.0,1698,1499905872792.0,1499905872720.0,,67.662,902.0,974.0
/data/AIUI/sr/400_noencode/jiaoqu/C4/LSA/low_c4_2.5s_3.5s/low_c4_2.5s_3.5s_330_encode.pcm,1499905877327.0,4041,1499905882646.0,1499905882578.0,,65.471,1210.0,1278.0
/data/AIUI/sr/400_noencode/jiaoqu/C4/LSA/hight_c4_0.5s_5.5s/hight_c4_0.5s_5.5s_282_encode.pcm,1499905884884.0,2928,1499905887652.0,1499905887522.0,1.986,113.354,,
/data/AIUI/sr/400_noencode/jiaoqu/C4/LSA/hight_c4_0.5s_5.5s/hight_c4_0.5s_5.5s_282_encode.pcm,1499905884884.0,2928,1499905888706.0,1499905888641.0,,63.286,829.0,894.0
/data/AIUI/sr/400_noencode/jiaoqu/C3/LSA/hight_c3_1s_5s/hight_c3_1s_5s_325_encode.pcm,1499905893320.0,2701,1499905896938.0,1499905896829.0,2.011,105.119,808.0,917.0
/data/AIUI/sr/400_noencode/shiqu/LSA/C4/low_c4_1s_5s/low_c4_1s_5s_93_encode.pcm,1499905901038.0,2141,1499905903985.0,1499905903914.0,2.081,69.885,735.0,806.0
/data/AIUI/sr/400_noencode/jiaoqu/C4/LSA/hight_c4_2s_4s/hight_c4_2s_4s_195_encode.pcm,1499905908195.0,4747,1499905913806.0,1499905913688.0,2.274,114.659,746.0,864.0
/data/AIUI/sr/400_noencode/shiqu/LSA/C4/low_c4_1s_5s/low_c4_1s_5s_222_encode.pcm,1499905916952.0,2413,1499905920299.0,1499905920199.0,1.991,93.812,834.0,934.0
/data/AIUI/sr/400_noencode/jiaoqu/C4/LSA/hight_c4_2.5s_3.5s/hight_c4_2.5s_3.5s_164_encode.pcm,1499905924381.0,6542,1499905932066.0,1499905931925.0,2.001,137.846,1002.0,1143.0
/data/AIUI/sr/400_noencode/jiaoqu/C4/LSA/low_c4_0.5s_5.5s/low_c4_0.5s_5.5s_126_encode.pcm,1499905934442.0,2449,1499905937785.0,1499905937684.0,2.21,91.64,793.0,894.0
/data/AIUI/sr/400_noencode/jiaoqu/C3/LSA/hight_c3_1s_5s/hight_c3_1s_5s_10_encode.pcm,1499905942400.0,4182,1499905945641.0,1499905945547.0,2.028,90.309,,
/data/AIUI/sr/400_noencode/shiqu/LSA/C3/hight_c3_1s_5s/hight_c3_1s_5s_91_encode.pcm,1499905951602.0,2293,1499905954948.0,1499905954867.0,2.305,79.008,972.0,1053.0
/data/AIUI/sr/400_noencode/shiqu/LSA/C4/hight_c4_1s_5s/hight_c4_1s_5s_143_encode.pcm,1499905958910.0,2288,1499905962058.0,1499905961965.0,2.052,86.96,767.0,860.0
/data/AIUI/sr/400_noencode/jiaoqu/C3/LSA/low_c3_2.5s_3.5s/low_c3_2.5s_3.5s_176_encode.pcm,1499905966207.0,4203,1499905971083.0,1499905970995.0,1.954,83.007,585.0,673.0
/data/AIUI/sr/400_noencode/shiqu/LSA/C3/low_c3_1s_5s/low_c3_1s_5s_355_encode.pcm,1499905973924.0,3800,1499905978709.0,1499905978545.0,2.331,154.358,821.0,985.0
/data/AIUI/sr/400_noencode/jiaoqu/C3/LSA/hight_c3_2.5s_3.5s/hight_c3_2.5s_3.5s_165_encode.pcm,1499905982741.0,6480,1499905990039.0,1499905989896.0,4.061,138.967,675.0,818.0
/data/AIUI/sr/400_noencode/jiaoqu/C4/LSA/low_c4_2s_4s/low_c4_2s_4s_183_encode.pcm,1499905992738.0,3903,1499905996839.0,1499905996699.0,2.166,131.982,58.0,198.0
/data/AIUI/sr/400_noencode/shiqu/LSA/C4/hight_c4_0.5s_5.5s/hight_c4_0.5s_5.5s_209_encode.pcm,1499906000660.0,2519,1499906004127.0,1499906003984.0,2.031,132.571,805.0,948.0
/data/AIUI/sr/400_noencode/jiaoqu/C3/LSA/low_c3_2s_4s/low_c3_2s_4s_356_encode.pcm,1499906008689.0,4558,1499906014241.0,1499906014132.0,,108.2,885.0,994.0
/data/AIUI/sr/400_noencode/shiqu/LSA/C3/hight_c3_1s_5s/hight_c3_1s_5s_177_encode.pcm,1499906017258.0,2625,1499906020674.0,1499906020584.0,3.007,83.113,701.0,791.0
/data/AIUI/sr/400_noencode/jiaoqu/C4/LSA/hight_c4_2.5s_3.5s/hight_c4_2.5s_3.5s_14_encode.pcm,1499906024896.0,6654,1499906029634.0,1499906029554.0,,78.658,,
/data/AIUI/sr/400_noencode/jiaoqu/C4/LSA/hight_c4_2.5s_3.5s/hight_c4_2.5s_3.5s_14_encode.pcm,1499906024896.0,6654,1499906032460.0,1499906032411.0,,47.232,861.0,910.0
/data/AIUI/sr/400_noencode/jiaoqu/C3/LSA/low_c3_0.5s_5.5s/low_c3_0.5s_5.5s_296_encode.pcm,1499906035074.0,1670,1499906037548.0,1499906037472.0,,73.354,728.0,804.0
/data/AIUI/sr/400_noencode/jiaoqu/C3/LSA/hight_c3_0.5s_5.5s/hight_c3_0.5s_5.5s_136_encode.pcm,1499906042261.0,2177,1499906045228.0,1499906045125.0,2.218,99.558,687.0,790.0
/data/AIUI/sr/400_noencode/jiaoqu/C3/LSA/hight_c3_1s_5s/hight_c3_1s_5s_43_encode.pcm,1499906049948.0,2853,1499906053672.0,1499906053520.0,1.957,143.613,719.0,871.0
/data/AIUI/sr/400_noencode/jiaoqu/C3/LSA/hight_c3_0.5s_5.5s/hight_c3_0.5s_5.5s_321_encode.pcm,1499906057820.0,2091,1499906060913.0,1499906060754.0,2.202,149.928,843.0,1002.0
/data/AIUI/sr/400_noencode/shiqu/LSA/C4/hight_c4_2s_4s/hight_c4_2s_4s_172_encode.pcm,1499906065431.0,3907,1499906070279.0,1499906070119.0,1.975,150.717,781.0,941.0
/data/AIUI/sr/400_noencode/jiaoqu/C3/LSA/hight_c3_2.5s_3.5s/hight_c3_2.5s_3.5s_12_encode.pcm,1499906087573.0,6618,1499906092815.0,1499906092697.0,1.972,114.729,,
/data/AIUI/sr/400_noencode/jiaoqu/C3/LSA/hight_c3_2.5s_3.5s/hight_c3_2.5s_3.5s_12_encode.pcm,1499906087573.0,6618,1499906095016.0,1499906094920.0,2.144,89.076,729.0,825.0
/data/AIUI/sr/400_noencode/shiqu/LSA/C3/low_c3_0.5s_5.5s/low_c3_0.5s_5.5s_17_encode.pcm,1499906097699.0,5654,1499906104137.0,1499906103987.0,2.146,146.152,634.0,784.0
/data/AIUI/sr/400_noencode/shiqu/LSA/C3/low_c3_0.5s_5.5s/low_c3_0.5s_5.5s_202_encode.pcm,1499906108872.0,3060,1499906112927.0,1499906112793.0,2.248,130.461,861.0,995.0
/data/AIUI/sr/400_noencode/shiqu/LSA/C4/hight_c4_2s_4s/hight_c4_2s_4s_148_encode.pcm,1499906117450.0,4173,1499906122516.0,1499906122391.0,2.196,118.961,768.0,893.0
/data/AIUI/sr/400_noencode/jiaoqu/C4/LSA/hight_c4_2.5s_3.5s/hight_c4_2.5s_3.5s_84_encode.pcm,1499906125636.0,3822,1499906130381.0,1499906130315.0,,65.195,857.0,923.0
/data/AIUI/sr/400_noencode/shiqu/LSA/C3/hight_c3_2s_4s/hight_c3_2s_4s_344_encode.pcm,1499906132974.0,3603,1499906137475.0,1499906137379.0,2.085,91.597,802.0,898.0
/data/AIUI/sr/400_noencode/shiqu/LSA/C4/hight_c4_1s_5s/hight_c4_1s_5s_12_encode.pcm,1499906140594.0,5118,1499906148010.0,1499906147883.0,2.05,117.353,2171.0,2298.0
/data/AIUI/sr/400_noencode/shiqu/LSA/C4/low_c4_1s_5s/low_c4_1s_5s_8_encode.pcm,1499906150722.0,2905,1499906153651.0,1499906153568.0,2.2,78.751,,24.0
/data/AIUI/sr/400_noencode/shiqu/LSA/C3/hight_c3_2s_4s/hight_c3_2s_4s_9_encode.pcm,1499906158642.0,4439,1499906163880.0,1499906163770.0,2.206,101.449,689.0,799.0
/data/AIUI/sr/400_noencode/jiaoqu/C3/LSA/hight_c3_0.5s_5.5s/hight_c3_0.5s_5.5s_276_encode.pcm,1499906167093.0,2706,1499906170657.0,1499906170510.0,2.027,138.623,711.0,858.0
/data/AIUI/sr/400_noencode/jiaoqu/C4/LSA/low_c4_0.5s_5.5s/low_c4_0.5s_5.5s_238_encode.pcm,1499906175312.0,2712,1499906178915.0,1499906178816.0,2.098,93.858,792.0,891.0
/data/AIUI/sr/400_noencode/shiqu/LSA/C4/low_c4_1s_5s/low_c4_1s_5s_192_encode.pcm,1499906183539.0,2203,1499906186697.0,1499906186570.0,2.165,118.965,828.0,955.0
/data/AIUI/sr/400_noencode/jiaoqu/C3/LSA/low_c3_2s_4s/low_c3_2s_4s_19_encode.pcm,1499906190756.0,3953,1499906195508.0,1499906195410.0,2.071,91.381,701.0,799.0
/data/AIUI/sr/400_noencode/jiaoqu/C3/LSA/hight_c3_2s_4s/hight_c3_2s_4s_82_encode.pcm,1499906198724.0,3243,1499906202780.0,1499906202725.0,,53.528,758.0,813.0
/data/AIUI/sr/400_noencode/jiaoqu/C3/LSA/hight_c3_2s_4s/hight_c3_2s_4s_146_encode.pcm,1499906205981.0,3946,1499906210881.0,1499906210733.0,2.45,137.569,806.0,954.0
/data/AIUI/sr/400_noencode/jiaoqu/C4/LSA/hight_c4_2.5s_3.5s/hight_c4_2.5s_3.5s_296_encode.pcm,1499906213942.0,3670,1499906218429.0,1499906218356.0,,65.737,744.0,817.0
/data/AIUI/sr/400_noencode/jiaoqu/C3/LSA/hight_c3_2s_4s/hight_c3_2s_4s_41_encode.pcm,1499906221136.0,3465,1499906225506.0,1499906225373.0,2.035,120.141,772.0,905.0
/data/AIUI/sr/400_noencode/shiqu/LSA/C3/low_c3_0.5s_5.5s/low_c3_0.5s_5.5s_111_encode.pcm,1499906228613.0,2120,1499906231654.0,1499906231517.0,2.383,129.526,784.0,921.0
/data/AIUI/sr/400_noencode/jiaoqu/C3/LSA/low_c3_2.5s_3.5s/low_c3_2.5s_3.5s_281_encode.pcm,1499906236251.0,4738,1499906241767.0,1499906241627.0,2.044,132.464,638.0,778.0
/data/AIUI/sr/400_noencode/shiqu/LSA/C3/hight_c3_2s_4s/hight_c3_2s_4s_267_encode.pcm,1499906244499.0,3489,1499906248940.0,1499906248773.0,5.321,154.503,785.0,952.0
/data/AIUI/sr/400_noencode/shiqu/LSA/C4/low_c4_1s_5s/low_c4_1s_5s_357_encode.pcm,1499906251997.0,3583,1499906256446.0,1499906256302.0,2.355,139.752,722.0,866.0
/data/AIUI/sr/400_noencode/shiqu/LSA/C4/hight_c4_1s_5s/hight_c4_1s_5s_194_encode.pcm,1499906260594.0,3550,1499906265038.0,1499906264903.0,1.961,130.852,759.0,894.0
/data/AIUI/sr/400_noencode/shiqu/LSA/C4/low_c4_2s_4s/low_c4_2s_4s_185_encode.pcm,1499906269161.0,4651,1499906274263.0,1499906274152.0,2.047,107.551,340.0,451.0
/data/AIUI/sr/400_noencode/shiqu/LSA/C3/hight_c3_1s_5s/hight_c3_1s_5s_25_encode.pcm,1499906277829.0,2419,1499906281112.0,1499906281021.0,1.956,84.201,773.0,864.0
/data/AIUI/sr/400_noencode/shiqu/LSA/C4/low_c4_2s_4s/low_c4_2s_4s_95_encode.pcm,1499906285256.0,3506,1499906290038.0,1499906289992.0,,44.536,1230.0,1276.0
/data/AIUI/sr/400_noencode/jiaoqu/C3/LSA/hight_c3_2.5s_3.5s/hight_c3_2.5s_3.5s_358_encode.pcm,1499906292773.0,5280,1499906299031.0,1499906298869.0,2.269,154.404,816.0,978.0
/data/AIUI/sr/400_noencode/shiqu/LSA/C4/low_c4_1s_5s/low_c4_1s_5s_169_encode.pcm,1499906301574.0,3678,1499906305905.0,1499906305849.0,,54.406,597.0,653.0
/data/AIUI/sr/400_noencode/jiaoqu/C3/LSA/hight_c3_1s_5s/hight_c3_1s_5s_242_encode.pcm,1499906345304.0,2827,1499906348964.0,1499906348852.0,2.322,105.308,721.0,833.0
/data/AIUI/sr/400_noencode/jiaoqu/C4/LSA/hight_c4_1s_5s/hight_c4_1s_5s_85_encode.pcm,1499906353145.0,2361,1499906356407.0,1499906356323.0,2.679,82.199,817.0,901.0
/data/AIUI/sr/400_noencode/jiaoqu/C3/LSA/hight_c3_2.5s_3.5s/hight_c3_2.5s_3.5s_6_encode.pcm,1499906360522.0,4039,1499906365690.0,1499906365594.0,1.961,88.863,1033.0,1129.0
/data/AIUI/sr/400_noencode/shiqu/LSA/C4/hight_c4_0.5s_5.5s/hight_c4_0.5s_5.5s_92_encode.pcm,1499906368070.0,1974,1499906371005.0,1499906370929.0,,74.058,885.0,961.0
/data/AIUI/sr/400_noencode/shiqu/LSA/C4/low_c4_1s_5s/low_c4_1s_5s_97_encode.pcm,1499906375557.0,2234,1499906378603.0,1499906378517.0,,81.548,726.0,812.0
/data/AIUI/sr/400_noencode/jiaoqu/C3/LSA/low_c3_0.5s_5.5s/low_c3_0.5s_5.5s_208_encode.pcm,1499906382803.0,1918,1499906385582.0,1499906385456.0,2.034,116.142,735.0,861.0
/data/AIUI/sr/400_noencode/jiaoqu/C3/LSA/hight_c3_1s_5s/hight_c3_1s_5s_308_encode.pcm,1499906390239.0,2788,1499906393948.0,1499906393851.0,2.022,88.212,824.0,921.0
/data/AIUI/sr/400_noencode/shiqu/LSA/C3/hight_c3_2s_4s/hight_c3_2s_4s_87_encode.pcm,1499906398037.0,3244,1499906402113.0,1499906402062.0,,47.746,781.0,832.0
/data/AIUI/sr/400_noencode/shiqu/LSA/C4/low_c4_1s_5s/low_c4_1s_5s_306_encode.pcm,1499906405294.0,2471,1499906408556.0,1499906408429.0,2.004,118.041,664.0,791.0
/data/AIUI/sr/400_noencode/jiaoqu/C3/LSA/hight_c3_2.5s_3.5s/hight_c3_2.5s_3.5s_239_encode.pcm,1499906448425.0,3937,1499906453288.0,1499906453191.0,2.003,88.402,829.0,926.0
/data/AIUI/sr/400_noencode/jiaoqu/C4/LSA/hight_c4_1s_5s/hight_c4_1s_5s_69_encode.pcm,1499906455872.0,2668,1499906459689.0,1499906459603.0,,83.757,1063.0,1149.0
/data/AIUI/sr/400_noencode/jiaoqu/C3/LSA/low_c3_2s_4s/low_c3_2s_4s_24_encode.pcm,1499906463549.0,3518,1499906468069.0,1499906467971.0,1.938,92.393,904.0,1002.0
/data/AIUI/sr/400_noencode/jiaoqu/C3/LSA/hight_c3_1s_5s/hight_c3_1s_5s_263_encode.pcm,1499906471076.0,2699,1499906474876.0,1499906474727.0,2.061,140.39,952.0,1101.0
/data/AIUI/sr/400_noencode/shiqu/LSA/C4/hight_c4_2s_4s/hight_c4_2s_4s_157_encode.pcm,1499906478784.0,3463,1499906483183.0,1499906483085.0,2.16,93.552,838.0,936.0
/data/AIUI/sr/400_noencode/jiaoqu/C3/LSA/low_c3_2.5s_3.5s/low_c3_2.5s_3.5s_292_encode.pcm,1499906486268.0,4320,1499906491257.0,1499906491152.0,1.976,100.71,564.0,669.0
/data/AIUI/sr/400_noencode/jiaoqu/C3/LSA/hight_c3_0.5s_5.5s/hight_c3_0.5s_5.5s_21_encode.pcm,1499906494109.0,2146,1499906497178.0,1499906497014.0,2.312,155.994,759.0,923.0
/data/AIUI/sr/400_noencode/jiaoqu/C3/LSA/low_c3_1s_5s/low_c3_1s_5s_160_encode.pcm,1499906501767.0,2742,1499906505159.0,1499906505046.0,3.276,109.108,537.0,650.0
/data/AIUI/sr/400_noencode/shiqu/LSA/C4/hight_c4_0.5s_5.5s/hight_c4_0.5s_5.5s_53_encode.pcm,1499906509527.0,3381,1499906512916.0,1499906512797.0,2.123,116.093,,8.0
/data/AIUI/sr/400_noencode/shiqu/LSA/C3/hight_c3_0.5s_5.5s/hight_c3_0.5s_5.5s_157_encode.pcm,1499906518429.0,1963,1499906521268.0,1499906521154.0,2.01,108.033,762.0,876.0
/data/AIUI/sr/400_noencode/shiqu/LSA/C3/hight_c3_1s_5s/hight_c3_1s_5s_53_encode.pcm,1499906525906.0,3881,1499906530546.0,1499906530406.0,1.972,136.49,619.0,759.0
/data/AIUI/sr/400_noencode/jiaoqu/C3/LSA/low_c3_0.5s_5.5s/low_c3_0.5s_5.5s_216_encode.pcm,1499906534803.0,3295,1499906537343.0,1499906537197.0,2.712,137.452,,
/data/AIUI/sr/400_noencode/jiaoqu/C3/LSA/low_c3_0.5s_5.5s/low_c3_0.5s_5.5s_216_encode.pcm,1499906534803.0,3295,1499906539288.0,1499906539218.0,,68.906,1120.0,1190.0
/data/AIUI/sr/400_noencode/shiqu/LSA/C3/hight_c3_1s_5s/hight_c3_1s_5s_349_encode.pcm,1499906543611.0,3486,1499906548134.0,1499906548007.0,2.013,120.362,910.0,1037.0
/data/AIUI/sr/400_noencode/shiqu/LSA/C4/low_c4_2s_4s/low_c4_2s_4s_295_encode.pcm,1499906552111.0,3788,1499906556380.0,1499906556272.0,2.045,103.769,373.0,481.0
/data/AIUI/sr/400_noencode/jiaoqu/C4/LSA/low_c4_1s_5s/low_c4_1s_5s_168_encode.pcm,1499906559909.0,3687,1499906563399.0,1499906563295.0,4.11,99.671,,
/data/AIUI/sr/400_noencode/jiaoqu/C4/LSA/hight_c4_0.5s_5.5s/hight_c4_0.5s_5.5s_16_encode.pcm,1499906568606.0,4420,1499906572148.0,1499906572032.0,2.133,111.572,,
/data/AIUI/sr/400_noencode/jiaoqu/C4/LSA/hight_c4_0.5s_5.5s/hight_c4_0.5s_5.5s_16_encode.pcm,1499906568606.0,4420,1499906573500.0,1499906573436.0,,61.921,410.0,474.0
/data/AIUI/sr/400_noencode/shiqu/LSA/C4/low_c4_1s_5s/low_c4_1s_5s_295_encode.pcm,1499906578546.0,2788,1499906581809.0,1499906581706.0,1.979,98.871,372.0,475.0
/data/AIUI/sr/400_noencode/shiqu/LSA/C3/low_c3_1s_5s/low_c3_1s_5s_180_encode.pcm,1499906586344.0,3292,1499906590641.0,1499906590475.0,2.016,155.133,839.0,1005.0
/data/AIUI/sr/400_noencode/jiaoqu/C3/LSA/low_c3_1s_5s/low_c3_1s_5s_195_encode.pcm,1499906594651.0,3747,1499906599046.0,1499906598923.0,2.155,119.068,525.0,648.0
/data/AIUI/sr/400_noencode/shiqu/LSA/C3/hight_c3_1s_5s/hight_c3_1s_5s_195_encode.pcm,1499906603409.0,3747,1499906607973.0,1499906607847.0,2.501,122.381,691.0,817.0
/data/AIUI/sr/400_noencode/jiaoqu/C4/LSA/low_c4_1s_5s/low_c4_1s_5s_324_encode.pcm,1499906612166.0,3170,1499906616051.0,1499906615951.0,1.997,96.93,615.0,715.0
/data/AIUI/sr/400_noencode/shiqu/LSA/C3/hight_c3_0.5s_5.5s/hight_c3_0.5s_5.5s_299_encode.pcm,1499906620353.0,2000,1499906623183.0,1499906623043.0,2.008,131.48,690.0,830.0
/data/AIUI/sr/400_noencode/jiaoqu/C3/LSA/hight_c3_2.5s_3.5s/hight_c3_2.5s_3.5s_330_encode.pcm,1499906627871.0,4041,1499906632767.0,1499906632666.0,2.092,96.645,754.0,855.0
/data/AIUI/sr/400_noencode/shiqu/LSA/C4/hight_c4_0.5s_5.5s/hight_c4_0.5s_5.5s_43_encode.pcm,1499906635428.0,2353,1499906638663.0,1499906638512.0,1.965,139.119,731.0,882.0
/data/AIUI/sr/400_noencode/shiqu/LSA/C4/low_c4_1s_5s/low_c4_1s_5s_193_encode.pcm,1499906643296.0,2316,1499906646444.0,1499906646355.0,1.948,85.637,743.0,832.0
/data/AIUI/sr/400_noencode/shiqu/LSA/C3/hight_c3_1s_5s/hight_c3_1s_5s_322_encode.pcm,1499906650623.0,2852,1499906654365.0,1499906654265.0,1.989,94.737,790.0,890.0
/data/AIUI/sr/400_noencode/shiqu/LSA/C3/low_c3_1s_5s/low_c3_1s_5s_11_encode.pcm,1499906658490.0,4952,1499906664247.0,1499906664125.0,2.047,118.711,683.0,805.0
/data/AIUI/sr/400_noencode/jiaoqu/C3/LSA/hight_c3_2.5s_3.5s/hight_c3_2.5s_3.5s_49_encode.pcm,1499906705274.0,4357,1499906710366.0,1499906710265.0,2.084,96.921,634.0,735.0
/data/AIUI/sr/400_noencode/shiqu/LSA/C3/low_c3_1s_5s/low_c3_1s_5s_229_encode.pcm,1499906731427.0,2258,1499906734840.0,1499906734763.0,,73.386,1078.0,1155.0
/data/AIUI/sr/400_noencode/shiqu/LSA/C3/low_c3_0.5s_5.5s/low_c3_0.5s_5.5s_307_encode.pcm,1499906738696.0,2037,1499906741609.0,1499906741511.0,2.003,91.729,778.0,876.0
/data/AIUI/sr/400_noencode/shiqu/LSA/C4/low_c4_0.5s_5.5s/low_c4_0.5s_5.5s_291_encode.pcm,1499906746243.0,3309,1499906748632.0,1499906748544.0,2.015,84.263,,
/data/AIUI/sr/400_noencode/shiqu/LSA/C4/low_c4_0.5s_5.5s/low_c4_0.5s_5.5s_291_encode.pcm,1499906746243.0,3309,1499906750220.0,1499906750161.0,,54.729,609.0,668.0
/data/AIUI/sr/400_noencode/jiaoqu/C3/LSA/hight_c3_2s_4s/hight_c3_2s_4s_114_encode.pcm,1499906755059.0,3467,1499906759763.0,1499906759669.0,1.968,84.96,1143.0,1237.0
/data/AIUI/sr/400_noencode/shiqu/LSA/C4/low_c4_2s_4s/low_c4_2s_4s_25_encode.pcm,1499906762536.0,3419,1499906766748.0,1499906766661.0,2.005,83.095,706.0,793.0
/data/AIUI/sr/400_noencode/jiaoqu/C4/LSA/hight_c4_0.5s_5.5s/hight_c4_0.5s_5.5s_215_encode.pcm,1499906769963.0,3723,1499906772981.0,1499906772846.0,2.005,126.256,,
/data/AIUI/sr/400_noencode/jiaoqu/C3/LSA/low_c3_0.5s_5.5s/low_c3_0.5s_5.5s_108_encode.pcm,1499906779204.0,3810,1499906788584.0,1499906788510.0,,70.535,5496.0,5570.0
/data/AIUI/sr/400_noencode/jiaoqu/C4/LSA/low_c4_2s_4s/low_c4_2s_4s_252_encode.pcm,1499906808305.0,6658,1499906814820.0,1499906814695.0,2.202,121.761,,
/data/AIUI/sr/400_noencode/shiqu/LSA/C4/low_c4_0.5s_5.5s/low_c4_0.5s_5.5s_84_encode.pcm,1499906818972.0,1822,1499906821557.0,1499906821483.0,,70.372,689.0,763.0
/data/AIUI/sr/400_noencode/shiqu/LSA/C4/low_c4_0.5s_5.5s/low_c4_0.5s_5.5s_137_encode.pcm,1499906826309.0,4377,1499906831396.0,1499906831244.0,2.114,147.52,558.0,710.0
/data/AIUI/sr/400_noencode/jiaoqu/C4/LSA/hight_c4_2.5s_3.5s/hight_c4_2.5s_3.5s_145_encode.pcm,1499906836196.0,3746,1499906841080.0,1499906840985.0,1.996,89.622,1043.0,1138.0
/data/AIUI/sr/400_noencode/shiqu/LSA/C4/hight_c4_0.5s_5.5s/hight_c4_0.5s_5.5s_19_encode.pcm,1499906843456.0,2453,1499906846762.0,1499906846647.0,2.083,107.422,738.0,853.0
/data/AIUI/sr/400_noencode/shiqu/LSA/C3/low_c3_1s_5s/low_c3_1s_5s_157_encode.pcm,1499906851424.0,2463,1499906854776.0,1499906854684.0,1.979,85.016,797.0,889.0
/data/AIUI/sr/400_noencode/shiqu/LSA/C4/hight_c4_0.5s_5.5s/hight_c4_0.5s_5.5s_116_encode.pcm,1499906858902.0,1779,1499906861559.0,1499906861464.0,2.207,90.644,783.0,878.0
/data/AIUI/sr/400_noencode/shiqu/LSA/C4/hight_c4_1s_5s/hight_c4_1s_5s_199_encode.pcm,1499906866189.0,3663,1499906870735.0,1499906870588.0,2.181,143.068,736.0,883.0
/data/AIUI/sr/400_noencode/jiaoqu/C3/LSA/low_c3_0.5s_5.5s/low_c3_0.5s_5.5s_26_encode.pcm,1499906874866.0,4167,1499906879446.0,1499906879332.0,2.868,107.807,299.0,413.0
/data/AIUI/sr/400_noencode/jiaoqu/C3/LSA/hight_c3_2s_4s/hight_c3_2s_4s_163_encode.pcm,1499906884543.0,4534,1499906889918.0,1499906889792.0,2.013,121.71,715.0,841.0
/data/AIUI/sr/400_noencode/shiqu/LSA/C3/low_c3_2s_4s/low_c3_2s_4s_65_encode.pcm,1499906893090.0,3256,1499906897300.0,1499906897147.0,2.098,142.705,801.0,954.0
/data/AIUI/sr/400_noencode/shiqu/LSA/C3/low_c3_0.5s_5.5s/low_c3_0.5s_5.5s_322_encode.pcm,1499906900360.0,2352,1499906903605.0,1499906903502.0,2.043,98.532,790.0,893.0
/data/AIUI/sr/400_noencode/shiqu/LSA/C3/hight_c3_1s_5s/hight_c3_1s_5s_182_encode.pcm,1499906908227.0,2638,1499906911725.0,1499906911591.0,2.048,125.966,726.0,860.0
/data/AIUI/sr/400_noencode/jiaoqu/C3/LSA/hight_c3_2s_4s/hight_c3_2s_4s_121_encode.pcm,1499906915877.0,3802,1499906920166.0,1499906920090.0,,71.559,411.0,487.0
/data/AIUI/sr/400_noencode/shiqu/LSA/C4/low_c4_1s_5s/low_c4_1s_5s_220_encode.pcm,1499906923698.0,2605,1499906927254.0,1499906927143.0,1.985,103.449,840.0,951.0
/data/AIUI/sr/400_noencode/jiaoqu/C3/LSA/low_c3_0.5s_5.5s/low_c3_0.5s_5.5s_29_encode.pcm,1499906931315.0,3738,1499906935731.0,1499906935664.0,,63.006,611.0,678.0
/data/AIUI/sr/400_noencode/shiqu/LSA/C4/hight_c4_0.5s_5.5s/hight_c4_0.5s_5.5s_241_encode.pcm,1499906940562.0,2276,1499906943662.0,1499906943582.0,,77.681,744.0,824.0
/data/AIUI/sr/400_noencode/jiaoqu/C3/LSA/low_c3_2.5s_3.5s/low_c3_2.5s_3.5s_261_encode.pcm,1499906948349.0,4150,1499906953384.0,1499906953290.0,1.972,89.669,791.0,885.0
/data/AIUI/sr/400_noencode/jiaoqu/C3/LSA/low_c3_2.5s_3.5s/low_c3_2.5s_3.5s_39_encode.pcm,1499906956016.0,4259,1499906960769.0,1499906960608.0,2.174,153.173,333.0,494.0
/data/AIUI/sr/400_noencode/jiaoqu/C3/LSA/hight_c3_2s_4s/hight_c3_2s_4s_6_encode.pcm,1499906963784.0,3539,1499906968380.0,1499906968239.0,1.963,133.545,916.0,1057.0
/data/AIUI/sr/400_noencode/shiqu/LSA/C4/low_c4_1s_5s/low_c4_1s_5s_107_encode.pcm,1499906971332.0,4644,1499906974492.0,1499906974405.0,2.057,83.687,,
/data/AIUI/sr/400_noencode/jiaoqu/C3/LSA/low_c3_2.5s_3.5s/low_c3_2.5s_3.5s_15_encode.pcm,1499906999308.0,6462,1499907004217.0,1499907004147.0,,66.2,,
/data/AIUI/sr/400_noencode/shiqu/LSA/C3/hight_c3_2s_4s/hight_c3_2s_4s_312_encode.pcm,1499907028140.0,3116,1499907032232.0,1499907032129.0,2.209,95.899,873.0,976.0
/data/AIUI/sr/400_noencode/shiqu/LSA/C3/hight_c3_2s_4s/hight_c3_2s_4s_314_encode.pcm,1499907035268.0,3426,1499907039595.0,1499907039495.0,2.098,92.551,801.0,901.0
/data/AIUI/sr/400_noencode/jiaoqu/C4/LSA/hight_c4_0.5s_5.5s/hight_c4_0.5s_5.5s_320_encode.pcm,1499907042705.0,2297,1499907045412.0,1499907045321.0,2.189,87.11,319.0,410.0
/data/AIUI/sr/400_noencode/jiaoqu/C3/LSA/hight_c3_2s_4s/hight_c3_2s_4s_166_encode.pcm,1499907050512.0,6141,1499907057481.0,1499907057322.0,2.256,154.829,669.0,828.0
/data/AIUI/sr/400_noencode/jiaoqu/C4/LSA/low_c4_2s_4s/low_c4_2s_4s_213_encode.pcm,1499907060670.0,5298,1499907065312.0,1499907065176.0,1.952,128.232,,
/data/AIUI/sr/400_noencode/shiqu/LSA/C3/low_c3_1s_5s/low_c3_1s_5s_186_encode.pcm,1499907069978.0,2505,1499907073415.0,1499907073269.0,1.95,135.464,786.0,932.0
/data/AIUI/sr/400_noencode/jiaoqu/C3/LSA/low_c3_1s_5s/low_c3_1s_5s_215_encode.pcm,1499907077498.0,4223,1499907081123.0,1499907081016.0,2.508,102.625,,
/data/AIUI/sr/400_noencode/shiqu/LSA/C3/low_c3_1s_5s/low_c3_1s_5s_248_encode.pcm,1499907086735.0,5225,1499907092804.0,1499907092647.0,2.858,152.326,687.0,844.0
/data/AIUI/sr/400_noencode/shiqu/LSA/C4/hight_c4_2s_4s/hight_c4_2s_4s_358_encode.pcm,1499907096972.0,4780,1499907102690.0,1499907102526.0,2.335,155.099,774.0,938.0
/data/AIUI/sr/400_noencode/jiaoqu/C3/LSA/hight_c3_0.5s_5.5s/hight_c3_0.5s_5.5s_342_encode.pcm,1499907105769.0,3832,1499907110435.0,1499907110286.0,2.004,141.872,685.0,834.0
/data/AIUI/sr/400_noencode/jiaoqu/C4/LSA/hight_c4_0.5s_5.5s/hight_c4_0.5s_5.5s_142_encode.pcm,1499907115116.0,2005,1499907118037.0,1499907117890.0,2.077,136.374,769.0,916.0
/data/AIUI/sr/400_noencode/shiqu/LSA/C4/low_c4_1s_5s/low_c4_1s_5s_215_encode.pcm,1499907122634.0,4223,1499907127555.0,1499907127401.0,2.017,147.687,544.0,698.0
/data/AIUI/sr/400_noencode/jiaoqu/C4/LSA/hight_c4_2s_4s/hight_c4_2s_4s_298_encode.pcm,1499907150529.0,4014,1499907154696.0,1499907154566.0,2.005,116.929,23.0,153.0
/data/AIUI/sr/400_noencode/shiqu/LSA/C3/low_c3_1s_5s/low_c3_1s_5s_45_encode.pcm,1499907158558.0,2947,1499907162294.0,1499907162184.0,1.97,106.173,679.0,789.0
/data/AIUI/sr/400_noencode/jiaoqu/C4/LSA/hight_c4_2s_4s/hight_c4_2s_4s_199_encode.pcm,1499907166518.0,4663,1499907172121.0,1499907172024.0,,95.791,843.0,940.0
/data/AIUI/sr/400_noencode/jiaoqu/C4/LSA/low_c4_1s_5s/low_c4_1s_5s_74_encode.pcm,1499907175195.0,4123,1499907178175.0,1499907178088.0,1.996,82.549,,
/data/AIUI/sr/400_noencode/shiqu/LSA/C4/hight_c4_1s_5s/hight_c4_1s_5s_313_encode.pcm,1499907202990.0,2386,1499907206192.0,1499907206091.0,2.174,97.192,715.0,816.0
/data/AIUI/sr/400_noencode/jiaoqu/C4/LSA/low_c4_2s_4s/low_c4_2s_4s_266_encode.pcm,1499907210387.0,3339,1499907214731.0,1499907214602.0,2.272,118.121,876.0,1005.0
/data/AIUI/sr/400_noencode/jiaoqu/C3/LSA/low_c3_0.5s_5.5s/low_c3_0.5s_5.5s_165_encode.pcm,1499907217738.0,4480,1499907223064.0,1499907222917.0,1.991,137.89,699.0,846.0
/data/AIUI/sr/400_noencode/shiqu/LSA/C3/hight_c3_0.5s_5.5s/hight_c3_0.5s_5.5s_309_encode.pcm,1499907227736.0,1802,1499907230460.0,1499907230322.0,2.09,127.368,784.0,922.0
/data/AIUI/sr/400_noencode/jiaoqu/C4/LSA/hight_c4_0.5s_5.5s/hight_c4_0.5s_5.5s_19_encode.pcm,1499907235053.0,2453,1499907238390.0,1499907238293.0,2.027,92.81,787.0,884.0
/data/AIUI/sr/400_noencode/jiaoqu/C4/LSA/low_c4_1s_5s/low_c4_1s_5s_175_encode.pcm,1499907243020.0,2757,1499907246847.0,1499907246738.0,2.02,102.474,961.0,1070.0
/data/AIUI/sr/400_noencode/shiqu/LSA/C3/hight_c3_0.5s_5.5s/hight_c3_0.5s_5.5s_217_encode.pcm,1499907268815.0,1798,1499907271469.0,1499907271384.0,2.108,79.65,771.0,856.0
/data/AIUI/sr/400_noencode/shiqu/LSA/C3/hight_c3_2s_4s/hight_c3_2s_4s_62_encode.pcm,1499907276122.0,3112,1499907280367.0,1499907280256.0,2.059,104.537,1022.0,1133.0
/data/AIUI/sr/400_noencode/jiaoqu/C3/LSA/low_c3_2s_4s/low_c3_2s_4s_39_encode.pcm,1499907283250.0,3759,1499907287508.0,1499907287370.0,2.006,129.148,361.0,499.0
/data/AIUI/sr/400_noencode/shiqu/LSA/C4/low_c4_0.5s_5.5s/low_c4_0.5s_5.5s_284_encode.pcm,1499907291018.0,2878,1499907294595.0,1499907294507.0,2.027,84.029,611.0,699.0
/data/AIUI/sr/400_noencode/shiqu/LSA/C4/hight_c4_0.5s_5.5s/hight_c4_0.5s_5.5s_28_encode.pcm,1499907299413.0,4262,1499907304489.0,1499907304350.0,2.04,134.998,675.0,814.0
/data/AIUI/sr/400_noencode/jiaoqu/C4/LSA/low_c4_2s_4s/low_c4_2s_4s_126_encode.pcm,1499907309195.0,3949,1499907314015.0,1499907313918.0,2.062,90.667,774.0,871.0
/data/AIUI/sr/400_noencode/shiqu/LSA/C3/low_c3_2s_4s/low_c3_2s_4s_39_encode.pcm,1499907334804.0,3759,1499907339455.0,1499907339307.0,2.283,136.602,744.0,892.0
/data/AIUI/sr/400_noencode/shiqu/LSA/C3/low_c3_0.5s_5.5s/low_c3_0.5s_5.5s_350_encode.pcm,1499907342572.0,2883,1499907346509.0,1499907346371.0,2.078,134.409,916.0,1054.0
/data/AIUI/sr/400_noencode/jiaoqu/C4/LSA/hight_c4_2s_4s/hight_c4_2s_4s_91_encode.pcm,1499907350973.0,3293,1499907355221.0,1499907355135.0,2.426,81.631,869.0,955.0
/data/AIUI/sr/400_noencode/shiqu/LSA/C4/hight_c4_1s_5s/hight_c4_1s_5s_326_encode.pcm,1499907375805.0,2393,1499907379116.0,1499907379025.0,1.966,84.416,827.0,918.0
/data/AIUI/sr/400_noencode/shiqu/LSA/C3/hight_c3_0.5s_5.5s/hight_c3_0.5s_5.5s_206_encode.pcm,1499907383216.0,2279,1499907386383.0,1499907386256.0,2.124,114.97,761.0,888.0
/data/AIUI/sr/400_noencode/jiaoqu/C3/LSA/hight_c3_0.5s_5.5s/hight_c3_0.5s_5.5s_224_encode.pcm,1499907391007.0,2360,1499907394228.0,1499907394121.0,2.427,99.644,754.0,861.0
/data/AIUI/sr/400_noencode/shiqu/LSA/C3/hight_c3_0.5s_5.5s/hight_c3_0.5s_5.5s_313_encode.pcm,1499907398885.0,1886,1499907401604.0,1499907401509.0,1.987,91.621,738.0,833.0
/data/AIUI/sr/400_noencode/shiqu/LSA/C4/hight_c4_2s_4s/hight_c4_2s_4s_212_encode.pcm,1499907406282.0,5724,1499907412894.0,1499907412759.0,2.052,131.123,753.0,888.0
/data/AIUI/sr/400_noencode/jiaoqu/C3/LSA/low_c3_2.5s_3.5s/low_c3_2.5s_3.5s_138_encode.pcm,1499907434504.0,5895,1499907439230.0,1499907439107.0,2.002,115.638,,
/data/AIUI/sr/400_noencode/jiaoqu/C3/LSA/low_c3_0.5s_5.5s/low_c3_0.5s_5.5s_150_encode.pcm,1499907443913.0,4253,1499907449000.0,1499907448944.0,,53.725,778.0,834.0
/data/AIUI/sr/400_noencode/shiqu/LSA/C3/hight_c3_0.5s_5.5s/hight_c3_0.5s_5.5s_310_encode.pcm,1499907453680.0,2720,1499907457297.0,1499907457187.0,2.107,106.247,787.0,897.0
/data/AIUI/sr/400_noencode/shiqu/LSA/C4/low_c4_2s_4s/low_c4_2s_4s_163_encode.pcm,1499907461918.0,4534,1499907467415.0,1499907467281.0,2.229,129.834,829.0,963.0
/data/AIUI/sr/400_noencode/jiaoqu/C3/LSA/low_c3_0.5s_5.5s/low_c3_0.5s_5.5s_248_encode.pcm,1499907470471.0,4725,1499907473321.0,1499907473195.0,2.028,116.928,,
/data/AIUI/sr/400_noencode/jiaoqu/C4/LSA/hight_c4_2s_4s/hight_c4_2s_4s_214_encode.pcm,1499907480709.0,5237,1499907485589.0,1499907485469.0,2.946,116.545,,
/data/AIUI/sr/400_noencode/jiaoqu/C4/LSA/low_c4_2.5s_3.5s/low_c4_2.5s_3.5s_205_encode.pcm,1499907489956.0,5355,1499907495237.0,1499907495164.0,,69.703,,
/data/AIUI/sr/400_noencode/jiaoqu/C4/LSA/hight_c4_2.5s_3.5s/hight_c4_2.5s_3.5s_290_encode.pcm,1499907498826.0,4174,1499907503851.0,1499907503719.0,1.983,123.727,719.0,851.0
/data/AIUI/sr/400_noencode/shiqu/LSA/C3/hight_c3_2s_4s/hight_c3_2s_4s_188_encode.pcm,1499907506515.0,4643,1499907512058.0,1499907511905.0,2.215,149.722,747.0,900.0
/data/AIUI/sr/400_noencode/jiaoqu/C3/LSA/low_c3_1s_5s/low_c3_1s_5s_261_encode.pcm,1499907515172.0,2650,1499907518661.0,1499907518557.0,3.992,98.622,735.0,839.0
/data/AIUI/sr/400_noencode/shiqu/LSA/C3/low_c3_0.5s_5.5s/low_c3_0.5s_5.5s_138_encode.pcm,1499907522840.0,3895,1499907527671.0,1499907527533.0,2.056,131.525,798.0,936.0
/data/AIUI/sr/400_noencode/jiaoqu/C3/LSA/low_c3_0.5s_5.5s/low_c3_0.5s_5.5s_147_encode.pcm,1499907532247.0,1705,1499907534978.0,1499907534882.0,2.017,90.855,930.0,1026.0
/data/AIUI/sr/400_noencode/shiqu/LSA/C4/low_c4_1s_5s/low_c4_1s_5s_152_encode.pcm,1499907539464.0,4440,1499907544583.0,1499907544428.0,2.144,150.84,524.0,679.0
/data/AIUI/sr/400_noencode/shiqu/LSA/C3/hight_c3_1s_5s/hight_c3_1s_5s_103_encode.pcm,1499907548921.0,2626,1499907552395.0,1499907552297.0,2.115,93.322,750.0,848.0
/data/AIUI/sr/400_noencode/jiaoqu/C3/LSA/hight_c3_2s_4s/hight_c3_2s_4s_282_encode.pcm,1499907556562.0,4428,1499907561877.0,1499907561736.0,2.162,135.218,746.0,887.0
/data/AIUI/sr/400_noencode/jiaoqu/C3/LSA/hight_c3_2s_4s/hight_c3_2s_4s_352_encode.pcm,1499907565000.0,3182,1499907569276.0,1499907569184.0,2.181,84.481,1002.0,1094.0
/data/AIUI/sr/400_noencode/jiaoqu/C3/LSA/low_c3_2.5s_3.5s/low_c3_2.5s_3.5s_40_encode.pcm,1499907572197.0,3894,1499907576893.0,1499907576798.0,1.989,90.69,707.0,802.0
/data/AIUI/sr/400_noencode/shiqu/LSA/C3/hight_c3_0.5s_5.5s/hight_c3_0.5s_5.5s_129_encode.pcm,1499907579605.0,2037,1499907582439.0,1499907582352.0,2.026,80.47,710.0,797.0
/data/AIUI/sr/400_noencode/jiaoqu/C3/LSA/low_c3_0.5s_5.5s/low_c3_0.5s_5.5s_9_encode.pcm,1499907605469.0,2939,1499907609794.0,1499907609734.0,,50.628,1326.0,1386.0
/data/AIUI/sr/400_noencode/shiqu/LSA/C3/low_c3_0.5s_5.5s/low_c3_0.5s_5.5s_185_encode.pcm,1499907613918.0,3151,1499907617999.0,1499907617879.0,2.091,108.724,810.0,930.0
/data/AIUI/sr/400_noencode/shiqu/LSA/C4/low_c4_0.5s_5.5s/low_c4_0.5s_5.5s_130_encode.pcm,1499907622588.0,3198,1499907626664.0,1499907626537.0,1.991,123.187,751.0,878.0
/data/AIUI/sr/400_noencode/shiqu/LSA/C4/hight_c4_2s_4s/hight_c4_2s_4s_207_encode.pcm,1499907631296.0,3323,1499907635529.0,1499907635438.0,2.2,83.911,819.0,910.0
/data/AIUI/sr/400_noencode/shiqu/LSA/C3/hight_c3_0.5s_5.5s/hight_c3_0.5s_5.5s_182_encode.pcm,1499907670150.0,2138,1499907673145.0,1499907673016.0,1.988,121.528,728.0,857.0
/data/AIUI/sr/400_noencode/shiqu/LSA/C3/low_c3_0.5s_5.5s/low_c3_0.5s_5.5s_60_encode.pcm,1499907697448.0,1825,1499907700508.0,1499907700375.0,2.241,124.662,1102.0,1235.0
/data/AIUI/sr/400_noencode/jiaoqu/C3/LSA/hight_c3_0.5s_5.5s/hight_c3_0.5s_5.5s_128_encode.pcm,1499907704786.0,1657,1499907707369.0,1499907707273.0,2.574,87.899,830.0,926.0
/data/AIUI/sr/400_noencode/jiaoqu/C4/LSA/hight_c4_2s_4s/hight_c4_2s_4s_22_encode.pcm,1499907711954.0,5047,1499907717916.0,1499907717804.0,2.075,104.73,803.0,915.0
/data/AIUI/sr/400_noencode/shiqu/LSA/C4/low_c4_1s_5s/low_c4_1s_5s_21_encode.pcm,1499907721011.0,2646,1499907724406.0,1499907724260.0,1.945,137.672,603.0,749.0
/data/AIUI/sr/400_noencode/shiqu/LSA/C3/hight_c3_2s_4s/hight_c3_2s_4s_77_encode.pcm,1499907728679.0,5016,1499907734612.0,1499907734479.0,2.072,128.13,784.0,917.0
/data/AIUI/sr/400_noencode/shiqu/LSA/C3/hight_c3_2s_4s/hight_c3_2s_4s_270_encode.pcm,1499907737706.0,3987,1499907742559.0,1499907742456.0,2.01,95.472,763.0,866.0
/data/AIUI/sr/400_noencode/shiqu/LSA/C4/low_c4_2s_4s/low_c4_2s_4s_1_encode.pcm,1499907745703.0,4295,1499907750830.0,1499907750652.0,2.025,169.15,654.0,832.0
/data/AIUI/sr/400_noencode/shiqu/LSA/C4/hight_c4_0.5s_5.5s/hight_c4_0.5s_5.5s_64_encode.pcm,1499907754019.0,1628,1499907756617.0,1499907756520.0,2.124,90.031,873.0,970.0
/data/AIUI/sr/400_noencode/jiaoqu/C4/LSA/low_c4_2s_4s/low_c4_2s_4s_55_encode.pcm,1499907761156.0,3123,1499907764998.0,1499907764866.0,1.974,123.681,587.0,719.0
/data/AIUI/sr/400_noencode/jiaoqu/C4/LSA/hight_c4_1s_5s/hight_c4_1s_5s_54_encode.pcm,1499907786110.0,3444,1499907790164.0,1499907790026.0,2.0,133.765,472.0,610.0
/data/AIUI/sr/400_noencode/shiqu/LSA/C3/hight_c3_2s_4s/hight_c3_2s_4s_88_encode.pcm,1499907794567.0,3063,1499907798696.0,1499907798642.0,,49.303,1012.0,1066.0
/data/AIUI/sr/400_noencode/jiaoqu/C3/LSA/hight_c3_2s_4s/hight_c3_2s_4s_113_encode.pcm,1499907801643.0,4163,1499907806081.0,1499907806011.0,,67.074,205.0,275.0
/data/AIUI/sr/400_noencode/jiaoqu/C3/LSA/hight_c3_0.5s_5.5s/hight_c3_0.5s_5.5s_336_encode.pcm,1499907809821.0,3298,1499907813808.0,1499907813693.0,2.03,111.224,574.0,689.0
/data/AIUI/sr/400_noencode/shiqu/LSA/C3/low_c3_1s_5s/low_c3_1s_5s_319_encode.pcm,1499907818628.0,2752,1499907822364.0,1499907822265.0,2.481,95.158,885.0,984.0
/data/AIUI/sr/400_noencode/jiaoqu/C4/LSA/low_c4_2s_4s/low_c4_2s_4s_40_encode.pcm,1499907846036.0,3394,1499907850106.0,1499907850015.0,1.944,87.146,585.0,676.0
/data/AIUI/sr/400_noencode/shiqu/LSA/C4/hight_c4_2s_4s/hight_c4_2s_4s_108_encode.pcm,1499907853445.0,5310,1499907859651.0,1499907859501.0,2.111,144.625,746.0,896.0
/data/AIUI/sr/400_noencode/shiqu/LSA/C4/hight_c4_0.5s_5.5s/hight_c4_0.5s_5.5s_240_encode.pcm,1499907862772.0,2658,1499907866263.0,1499907866157.0,2.064,99.719,727.0,833.0
/data/AIUI/sr/400_noencode/shiqu/LSA/C3/low_c3_2s_4s/low_c3_2s_4s_117_encode.pcm,1499907870939.0,3883,1499907875652.0,1499907875552.0,2.462,95.854,730.0,830.0
/data/AIUI/sr/400_noencode/jiaoqu/C3/LSA/low_c3_2.5s_3.5s/low_c3_2.5s_3.5s_37_encode.pcm,1499907878836.0,4011,1499907883692.0,1499907883595.0,2.069,88.206,748.0,845.0
/data/AIUI/sr/400_noencode/shiqu/LSA/C3/hight_c3_2s_4s/hight_c3_2s_4s_41_encode.pcm,1499907886364.0,3465,1499907890746.0,1499907890614.0,2.178,122.467,785.0,917.0
/data/AIUI/sr/400_noencode/shiqu/LSA/C3/low_c3_1s_5s/low_c3_1s_5s_62_encode.pcm,1499907913833.0,2112,1499907916898.0,1499907916789.0,1.91,100.392,844.0,953.0
/data/AIUI/sr/400_noencode/shiqu/LSA/C4/low_c4_2s_4s/low_c4_2s_4s_134_encode.pcm,1499907920961.0,3968,1499907925841.0,1499907925695.0,2.062,134.91,766.0,912.0
/data/AIUI/sr/400_noencode/jiaoqu/C4/LSA/hight_c4_1s_5s/hight_c4_1s_5s_41_encode.pcm,1499907928939.0,2465,1499907932332.0,1499907932201.0,2.071,122.832,797.0,928.0
/data/AIUI/sr/400_noencode/jiaoqu/C4/LSA/hight_c4_2.5s_3.5s/hight_c4_2.5s_3.5s_284_encode.pcm,1499907936416.0,4878,1499907940965.0,1499907940889.0,,72.14,,
/data/AIUI/sr/400_noencode/jiaoqu/C4/LSA/hight_c4_2.5s_3.5s/hight_c4_2.5s_3.5s_284_encode.pcm,1499907936416.0,4878,1499907942278.0,1499907942234.0,,42.239,940.0,984.0
/data/AIUI/sr/400_noencode/shiqu/LSA/C3/low_c3_2s_4s/low_c3_2s_4s_257_encode.pcm,1499907944805.0,3654,1499907949404.0,1499907949294.0,4.59,105.305,835.0,945.0
/data/AIUI/sr/400_noencode/jiaoqu/C3/LSA/low_c3_1s_5s/low_c3_1s_5s_229_encode.pcm,1499907952473.0,2258,1499907956078.0,1499907956022.0,,51.98,1291.0,1347.0
/data/AIUI/sr/400_noencode/shiqu/LSA/C4/hight_c4_0.5s_5.5s/hight_c4_0.5s_5.5s_292_encode.pcm,1499907959739.0,2320,1499907962629.0,1499907962526.0,2.003,98.292,467.0,570.0
/data/AIUI/sr/400_noencode/shiqu/LSA/C4/low_c4_0.5s_5.5s/low_c4_0.5s_5.5s_308_encode.pcm,1499907967577.0,2288,1499907970484.0,1499907970385.0,6.19,95.397,520.0,619.0
/data/AIUI/sr/400_noencode/shiqu/LSA/C4/hight_c4_1s_5s/hight_c4_1s_5s_230_encode.pcm,1499907975374.0,2332,1499907978817.0,1499907978750.0,,61.691,1044.0,1111.0
/data/AIUI/sr/400_noencode/jiaoqu/C3/LSA/hight_c3_2.5s_3.5s/hight_c3_2.5s_3.5s_64_encode.pcm,1499907982720.0,3628,1499907987392.0,1499907987297.0,2.047,89.318,949.0,1044.0
/data/AIUI/sr/400_noencode/shiqu/LSA/C4/low_c4_1s_5s/low_c4_1s_5s_96_encode.pcm,1499907989863.0,2510,1499907993523.0,1499907993480.0,,42.118,1107.0,1150.0
/data/AIUI/sr/400_noencode/jiaoqu/C4/LSA/low_c4_2.5s_3.5s/low_c4_2.5s_3.5s_293_encode.pcm,1499907997390.0,3927,1499908002040.0,1499908001944.0,2.039,91.362,627.0,723.0
/data/AIUI/sr/400_noencode/shiqu/LSA/C4/hight_c4_0.5s_5.5s/hight_c4_0.5s_5.5s_260_encode.pcm,1499908004828.0,2356,1499908008046.0,1499908007936.0,2.112,101.632,752.0,862.0
/data/AIUI/sr/400_noencode/jiaoqu/C3/LSA/low_c3_2s_4s/low_c3_2s_4s_270_encode.pcm,1499908012696.0,3987,1499908017568.0,1499908017458.0,2.163,105.986,775.0,885.0
/data/AIUI/sr/400_noencode/shiqu/LSA/C3/hight_c3_2s_4s/hight_c3_2s_4s_103_encode.pcm,1499908020699.0,3626,1499908025169.0,1499908025078.0,2.05,87.251,753.0,844.0
/data/AIUI/sr/400_noencode/jiaoqu/C3/LSA/hight_c3_2.5s_3.5s/hight_c3_2.5s_3.5s_278_encode.pcm,1499908028336.0,3992,1499908032974.0,1499908032904.0,,67.647,576.0,646.0
/data/AIUI/sr/400_noencode/jiaoqu/C3/LSA/hight_c3_0.5s_5.5s/hight_c3_0.5s_5.5s_9_encode.pcm,1499908053577.0,2939,1499908057340.0,1499908057271.0,,67.226,755.0,824.0
/data/AIUI/sr/400_noencode/jiaoqu/C4/LSA/hight_c4_2.5s_3.5s/hight_c4_2.5s_3.5s_85_encode.pcm,1499908062024.0,3861,1499908066786.0,1499908066683.0,2.183,98.968,798.0,901.0
/data/AIUI/sr/400_noencode/jiaoqu/C4/LSA/low_c4_1s_5s/low_c4_1s_5s_218_encode.pcm,1499908086787.0,2267,1499908089914.0,1499908089781.0,2.068,125.146,727.0,860.0
/data/AIUI/sr/400_noencode/shiqu/LSA/C4/hight_c4_0.5s_5.5s/hight_c4_0.5s_5.5s_285_encode.pcm,1499908094064.0,3552,1499908098154.0,1499908098050.0,2.086,100.246,434.0,538.0
/data/AIUI/sr/400_noencode/shiqu/LSA/C3/low_c3_2s_4s/low_c3_2s_4s_169_encode.pcm,1499908103132.0,4678,1499908108650.0,1499908108527.0,2.312,119.297,717.0,840.0
/data/AIUI/sr/400_noencode/jiaoqu/C4/LSA/low_c4_2s_4s/low_c4_2s_4s_164_encode.pcm,1499908111823.0,6042,1499908116373.0,1499908116267.0,2.133,101.828,,
/data/AIUI/sr/400_noencode/jiaoqu/C4/LSA/low_c4_2s_4s/low_c4_2s_4s_164_encode.pcm,1499908111823.0,6042,1499908118561.0,1499908118483.0,,76.387,618.0,696.0
/data/AIUI/sr/400_noencode/jiaoqu/C4/LSA/low_c4_0.5s_5.5s/low_c4_0.5s_5.5s_44_encode.pcm,1499908193413.0,2390,1499908195709.0,1499908195571.0,2.137,131.043,,
/data/AIUI/sr/400_noencode/jiaoqu/C4/LSA/low_c4_0.5s_5.5s/low_c4_0.5s_5.5s_44_encode.pcm,1499908193413.0,2390,1499908196868.0,1499908196805.0,,61.043,1002.0,1065.0
/data/AIUI/sr/400_noencode/shiqu/LSA/C3/hight_c3_1s_5s/hight_c3_1s_5s_62_encode.pcm,1499908201324.0,2112,1499908204340.0,1499908204221.0,4.318,111.787,785.0,904.0
/data/AIUI/sr/400_noencode/shiqu/LSA/C3/hight_c3_1s_5s/hight_c3_1s_5s_120_encode.pcm,1499908208451.0,2452,1499908211797.0,1499908211662.0,2.187,124.404,759.0,894.0
/data/AIUI/sr/400_noencode/shiqu/LSA/C4/low_c4_0.5s_5.5s/low_c4_0.5s_5.5s_348_encode.pcm,1499908215921.0,1902,1499908218695.0,1499908218597.0,2.021,89.649,774.0,872.0
/data/AIUI/sr/400_noencode/jiaoqu/C3/LSA/low_c3_2.5s_3.5s/low_c3_2.5s_3.5s_158_encode.pcm,1499908223342.0,4470,1499908228404.0,1499908228336.0,,64.936,524.0,592.0
/data/AIUI/sr/400_noencode/shiqu/LSA/C3/hight_c3_0.5s_5.5s/hight_c3_0.5s_5.5s_265_encode.pcm,1499908231330.0,1983,1499908234219.0,1499908234121.0,1.994,94.548,808.0,906.0
/data/AIUI/sr/400_noencode/jiaoqu/C3/LSA/low_c3_0.5s_5.5s/low_c3_0.5s_5.5s_273_encode.pcm,1499908238826.0,2414,1499908241341.0,1499908241276.0,,61.743,36.0,101.0
/data/AIUI/sr/400_noencode/jiaoqu/C4/LSA/hight_c4_1s_5s/hight_c4_1s_5s_168_encode.pcm,1499908246754.0,3687,1499908250458.0,1499908250353.0,1.969,101.398,,17.0
/data/AIUI/sr/400_noencode/shiqu/LSA/C3/low_c3_2s_4s/low_c3_2s_4s_79_encode.pcm,1499908255454.0,3162,1499908259569.0,1499908259490.0,,70.383,874.0,953.0
/data/AIUI/sr/400_noencode/shiqu/LSA/C3/hight_c3_2s_4s/hight_c3_2s_4s_142_encode.pcm,1499908262631.0,3505,1499908267130.0,1499908266976.0,4.834,144.948,840.0,994.0
/data/AIUI/sr/400_noencode/shiqu/LSA/C3/hight_c3_1s_5s/hight_c3_1s_5s_102_encode.pcm,1499908270149.0,2827,1499908273791.0,1499908273685.0,1.987,101.52,709.0,815.0
/data/AIUI/sr/400_noencode/shiqu/LSA/C4/low_c4_0.5s_5.5s/low_c4_0.5s_5.5s_86_encode.pcm,1499908277986.0,1657,1499908280967.0,1499908280919.0,,44.509,1276.0,1324.0
/data/AIUI/sr/400_noencode/shiqu/LSA/C3/low_c3_1s_5s/low_c3_1s_5s_220_encode.pcm,1499908285153.0,2605,1499908288722.0,1499908288579.0,9.401,134.496,821.0,964.0
/data/AIUI/sr/400_noencode/jiaoqu/C3/LSA/hight_c3_2.5s_3.5s/hight_c3_2.5s_3.5s_184_encode.pcm,1499908292771.0,4547,1499908297413.0,1499908297342.0,,68.072,24.0,95.0
/data/AIUI/sr/400_noencode/jiaoqu/C4/LSA/hight_c4_2.5s_3.5s/hight_c4_2.5s_3.5s_294_encode.pcm,1499908300828.0,4468,1499908306165.0,1499908306015.0,2.913,141.99,719.0,869.0
/data/AIUI/sr/400_noencode/jiaoqu/C4/LSA/low_c4_0.5s_5.5s/low_c4_0.5s_5.5s_261_encode.pcm,1499908308809.0,2150,1499908311738.0,1499908311645.0,2.083,87.804,686.0,779.0
/data/AIUI/sr/400_noencode/jiaoqu/C4/LSA/hight_c4_2s_4s/hight_c4_2s_4s_294_encode.pcm,1499908316477.0,3968,1499908321338.0,1499908321180.0,1.961,149.221,735.0,893.0
/data/AIUI/sr/400_noencode/shiqu/LSA/C4/hight_c4_1s_5s/hight_c4_1s_5s_352_encode.pcm,1499908324454.0,2182,1499908327681.0,1499908327588.0,2.036,87.169,952.0,1045.0
/data/AIUI/sr/400_noencode/jiaoqu/C3/LSA/hight_c3_2.5s_3.5s/hight_c3_2.5s_3.5s_338_encode.pcm,1499908331656.0,4918,1499908337534.0,1499908337420.0,2.212,106.733,846.0,960.0
/data/AIUI/sr/400_noencode/jiaoqu/C4/LSA/hight_c4_2.5s_3.5s/hight_c4_2.5s_3.5s_146_encode.pcm,1499908340083.0,4446,1499908345493.0,1499908345349.0,2.343,134.884,820.0,964.0
/data/AIUI/sr/400_noencode/shiqu/LSA/C3/hight_c3_1s_5s/hight_c3_1s_5s_159_encode.pcm,1499908348041.0,2838,1499908351707.0,1499908351597.0,2.0,102.901,718.0,828.0
/data/AIUI/sr/400_noencode/jiaoqu/C4/LSA/low_c4_0.5s_5.5s/low_c4_0.5s_5.5s_356_encode.pcm,1499908355889.0,3058,1499908360040.0,1499908359915.0,,123.771,968.0,1093.0
/data/AIUI/sr/400_noencode/shiqu/LSA/C4/low_c4_1s_5s/low_c4_1s_5s_346_encode.pcm,1499908364460.0,2655,1499908367889.0,1499908367766.0,1.975,114.364,651.0,774.0
/data/AIUI/sr/400_noencode/jiaoqu/C3/LSA/low_c3_2.5s_3.5s/low_c3_2.5s_3.5s_255_encode.pcm,1499908372129.0,5071,1499908378058.0,1499908377969.0,2.101,83.015,769.0,858.0
/data/AIUI/sr/400_noencode/jiaoqu/C4/LSA/hight_c4_2.5s_3.5s/hight_c4_2.5s_3.5s_324_encode.pcm,1499908380717.0,4670,1499908386015.0,1499908385921.0,1.877,90.088,534.0,628.0
/data/AIUI/sr/400_noencode/shiqu/LSA/C4/low_c4_0.5s_5.5s/low_c4_0.5s_5.5s_295_encode.pcm,1499908388904.0,2288,1499908391883.0,1499908391760.0,2.015,113.649,568.0,691.0
/data/AIUI/sr/400_noencode/jiaoqu/C3/LSA/hight_c3_0.5s_5.5s/hight_c3_0.5s_5.5s_250_encode.pcm,1499908396705.0,2073,1499908399776.0,1499908399646.0,1.972,116.446,868.0,998.0
/data/AIUI/sr/400_noencode/jiaoqu/C3/LSA/hight_c3_2.5s_3.5s/hight_c3_2.5s_3.5s_159_encode.pcm,1499908404293.0,4338,1499908409500.0,1499908409394.0,2.173,100.636,763.0,869.0
/data/AIUI/sr/400_noencode/jiaoqu/C4/LSA/hight_c4_0.5s_5.5s/hight_c4_0.5s_5.5s_316_encode.pcm,1499908430153.0,3411,1499908433145.0,1499908433051.0,2.027,89.691,,
/data/AIUI/sr/400_noencode/shiqu/LSA/C3/hight_c3_1s_5s/hight_c3_1s_5s_275_encode.pcm,1499908439080.0,4213,1499908444213.0,1499908444073.0,2.19,134.079,780.0,920.0
/data/AIUI/sr/400_noencode/shiqu/LSA/C4/hight_c4_0.5s_5.5s/hight_c4_0.5s_5.5s_319_encode.pcm,1499908467641.0,2252,1499908470811.0,1499908470713.0,2.03,92.206,820.0,918.0
/data/AIUI/sr/400_noencode/shiqu/LSA/C4/hight_c4_1s_5s/hight_c4_1s_5s_142_encode.pcm,1499908475408.0,2505,1499908478854.0,1499908478705.0,1.952,139.979,792.0,941.0
/data/AIUI/sr/400_noencode/jiaoqu/C4/LSA/low_c4_2s_4s/low_c4_2s_4s_288_encode.pcm,1499908500253.0,3890,1499908504157.0,1499908504064.0,1.928,86.8,,14.0
/data/AIUI/sr/400_noencode/shiqu/LSA/C4/low_c4_0.5s_5.5s/low_c4_0.5s_5.5s_313_encode.pcm,1499908508161.0,1886,1499908510604.0,1499908510512.0,1.992,87.644,465.0,557.0
/data/AIUI/sr/400_noencode/jiaoqu/C4/LSA/low_c4_1s_5s/low_c4_1s_5s_333_encode.pcm,1499908515557.0,2680,1499908519392.0,1499908519326.0,,61.26,1089.0,1155.0
/data/AIUI/sr/400_noencode/shiqu/LSA/C3/hight_c3_0.5s_5.5s/hight_c3_0.5s_5.5s_168_encode.pcm,1499908523254.0,3187,1499908527177.0,1499908527042.0,2.554,128.253,601.0,736.0
/data/AIUI/sr/400_noencode/jiaoqu/C3/LSA/hight_c3_2s_4s/hight_c3_2s_4s_303_encode.pcm,1499908531951.0,4115,1499908536727.0,1499908536605.0,2.578,117.996,539.0,661.0
/data/AIUI/sr/400_noencode/jiaoqu/C4/LSA/low_c4_2.5s_3.5s/low_c4_2.5s_3.5s_165_encode.pcm,1499908540079.0,6480,1499908545905.0,1499908545812.0,,91.557,,
/data/AIUI/sr/400_noencode/jiaoqu/C4/LSA/low_c4_2.5s_3.5s/low_c4_2.5s_3.5s_165_encode.pcm,1499908540079.0,6480,1499908547601.0,1499908547543.0,,54.023,984.0,1042.0
/data/AIUI/sr/400_noencode/shiqu/LSA/C3/hight_c3_0.5s_5.5s/hight_c3_0.5s_5.5s_82_encode.pcm,1499908550078.0,1743,1499908552652.0,1499908552594.0,,52.29,773.0,831.0
/data/AIUI/sr/400_noencode/shiqu/LSA/C4/hight_c4_0.5s_5.5s/hight_c4_0.5s_5.5s_175_encode.pcm,1499908557335.0,2257,1499908560440.0,1499908560321.0,2.04,110.802,729.0,848.0
/data/AIUI/sr/400_noencode/shiqu/LSA/C3/low_c3_1s_5s/low_c3_1s_5s_283_encode.pcm,1499908565103.0,3357,1499908569181.0,1499908569074.0,2.971,103.824,614.0,721.0
/data/AIUI/sr/400_noencode/shiqu/LSA/C4/low_c4_0.5s_5.5s/low_c4_0.5s_5.5s_185_encode.pcm,1499908573470.0,3151,1499908576884.0,1499908576761.0,1.916,119.243,140.0,263.0
/data/AIUI/sr/400_noencode/jiaoqu/C3/LSA/hight_c3_2.5s_3.5s/hight_c3_2.5s_3.5s_236_encode.pcm,1499908599791.0,5914,1499908605550.0,1499908605433.0,2.1,112.895,,
/data/AIUI/sr/400_noencode/jiaoqu/C3/LSA/hight_c3_2.5s_3.5s/hight_c3_2.5s_3.5s_236_encode.pcm,1499908599791.0,5914,1499908606623.0,1499908606571.0,,50.555,866.0,918.0
/data/AIUI/sr/400_noencode/jiaoqu/C3/LSA/hight_c3_2.5s_3.5s/hight_c3_2.5s_3.5s_205_encode.pcm,1499908609218.0,5355,1499908614268.0,1499908614170.0,1.969,94.59,,
/data/AIUI/sr/400_noencode/shiqu/LSA/C3/hight_c3_0.5s_5.5s/hight_c3_0.5s_5.5s_287_encode.pcm,1499908618086.0,2229,1499908621224.0,1499908621089.0,1.924,125.634,774.0,909.0
/data/AIUI/sr/400_noencode/jiaoqu/C4/LSA/hight_c4_2s_4s/hight_c4_2s_4s_182_encode.pcm,1499908625837.0,3638,1499908630161.0,1499908630023.0,1.957,130.463,548.0,686.0
/data/AIUI/sr/400_noencode/jiaoqu/C3/LSA/hight_c3_0.5s_5.5s/hight_c3_0.5s_5.5s_265_encode.pcm,1499908633486.0,1983,1499908636395.0,1499908636298.0,1.997,92.625,829.0,926.0
/data/AIUI/sr/400_noencode/shiqu/LSA/C4/low_c4_0.5s_5.5s/low_c4_0.5s_5.5s_94_encode.pcm,1499908640984.0,2043,1499908644330.0,1499908644277.0,,51.769,1250.0,1303.0
/data/AIUI/sr/400_noencode/jiaoqu/C3/LSA/low_c3_0.5s_5.5s/low_c3_0.5s_5.5s_266_encode.pcm,1499908648544.0,1839,1499908651398.0,1499908651265.0,1.905,125.549,882.0,1015.0
/data/AIUI/sr/400_noencode/shiqu/LSA/C4/hight_c4_1s_5s/hight_c4_1s_5s_120_encode.pcm,1499908655892.0,2452,1499908659270.0,1499908659123.0,2.513,138.705,779.0,926.0
/data/AIUI/sr/400_noencode/shiqu/LSA/C4/hight_c4_2s_4s/hight_c4_2s_4s_344_encode.pcm,1499908663364.0,3603,1499908667832.0,1499908667739.0,1.928,89.75,772.0,865.0
/data/AIUI/sr/400_noencode/jiaoqu/C3/LSA/low_c3_2s_4s/low_c3_2s_4s_213_encode.pcm,1499908670981.0,5298,1499908676283.0,1499908676156.0,2.075,122.962,,4.0
/data/AIUI/sr/400_noencode/shiqu/LSA/C4/hight_c4_0.5s_5.5s/hight_c4_0.5s_5.5s_259_encode.pcm,1499908680297.0,2013,1499908683193.0,1499908683074.0,1.922,109.412,764.0,883.0
/data/AIUI/sr/400_noencode/shiqu/LSA/C4/low_c4_0.5s_5.5s/low_c4_0.5s_5.5s_39_encode.pcm,1499908687825.0,2259,1499908690636.0,1499908690496.0,1.963,132.571,412.0,552.0
/data/AIUI/sr/400_noencode/shiqu/LSA/C4/low_c4_1s_5s/low_c4_1s_5s_286_encode.pcm,1499908695593.0,5448,1499908701872.0,1499908701724.0,2.101,144.248,683.0,831.0
/data/AIUI/sr/400_noencode/shiqu/LSA/C3/hight_c3_2s_4s/hight_c3_2s_4s_73_encode.pcm,1499908723794.0,5875,1499908730583.0,1499908730434.0,1.999,142.559,765.0,914.0
/data/AIUI/sr/400_noencode/jiaoqu/C3/LSA/hight_c3_0.5s_5.5s/hight_c3_0.5s_5.5s_261_encode.pcm,1499908753249.0,2150,1499908756284.0,1499908756192.0,1.906,88.137,793.0,885.0
/data/AIUI/sr/400_noencode/shiqu/LSA/C4/hight_c4_0.5s_5.5s/hight_c4_0.5s_5.5s_120_encode.pcm,1499908760916.0,1952,1499908763772.0,1499908763642.0,1.921,119.569,774.0,904.0
/data/AIUI/sr/400_noencode/jiaoqu/C3/LSA/hight_c3_0.5s_5.5s/hight_c3_0.5s_5.5s_290_encode.pcm,1499908768384.0,2174,1499908771484.0,1499908771358.0,1.887,119.324,800.0,926.0
/data/AIUI/sr/400_noencode/jiaoqu/C3/LSA/low_c3_2.5s_3.5s/low_c3_2.5s_3.5s_7_encode.pcm,1499908776072.0,4011,1499908780587.0,1499908780539.0,,46.162,456.0,504.0
/data/AIUI/sr/400_noencode/jiaoqu/C4/LSA/hight_c4_0.5s_5.5s/hight_c4_0.5s_5.5s_112_encode.pcm,1499908783606.0,3164,1499908787602.0,1499908787529.0,,68.619,759.0,832.0
/data/AIUI/sr/400_noencode/shiqu/LSA/C3/hight_c3_0.5s_5.5s/hight_c3_0.5s_5.5s_239_encode.pcm,1499908792285.0,1937,1499908795050.0,1499908794957.0,1.976,87.361,735.0,828.0
/data/AIUI/sr/400_noencode/jiaoqu/C3/LSA/hight_c3_2.5s_3.5s/hight_c3_2.5s_3.5s_292_encode.pcm,1499908799733.0,4320,1499908804854.0,1499908804740.0,2.14,110.154,687.0,801.0
/data/AIUI/sr/400_noencode/shiqu/LSA/C3/low_c3_2s_4s/low_c3_2s_4s_249_encode.pcm,1499908807570.0,5280,1499908813695.0,1499908813561.0,2.003,126.93,711.0,845.0
/data/AIUI/sr/400_noencode/shiqu/LSA/C4/hight_c4_0.5s_5.5s/hight_c4_0.5s_5.5s_67_encode.pcm,1499908816867.0,1485,1499908819368.0,1499908819273.0,1.973,86.374,921.0,1016.0
/data/AIUI/sr/400_noencode/shiqu/LSA/C3/low_c3_0.5s_5.5s/low_c3_0.5s_5.5s_80_encode.pcm,1499908823870.0,1682,1499908826385.0,1499908826300.0,,79.785,748.0,833.0
/data/AIUI/sr/400_noencode/jiaoqu/C3/LSA/hight_c3_2.5s_3.5s/hight_c3_2.5s_3.5s_321_encode.pcm,1499908831072.0,4091,1499908836301.0,1499908836165.0,2.989,128.122,1002.0,1138.0
/data/AIUI/sr/400_noencode/shiqu/LSA/C4/hight_c4_1s_5s/hight_c4_1s_5s_107_encode.pcm,1499908838680.0,4644,1499908844296.0,1499908844158.0,2.517,129.917,834.0,972.0
/data/AIUI/sr/400_noencode/jiaoqu/C4/LSA/low_c4_2.5s_3.5s/low_c4_2.5s_3.5s_326_encode.pcm,1499908848338.0,3893,1499908853112.0,1499908853026.0,1.993,82.947,795.0,881.0
/data/AIUI/sr/400_noencode/jiaoqu/C3/LSA/low_c3_2.5s_3.5s/low_c3_2.5s_3.5s_325_encode.pcm,1499908855745.0,4201,1499908860657.0,1499908860513.0,4.363,134.911,567.0,711.0
/data/AIUI/sr/400_noencode/shiqu/LSA/C4/low_c4_0.5s_5.5s/low_c4_0.5s_5.5s_183_encode.pcm,1499908863463.0,2403,1499908866125.0,1499908865980.0,2.242,136.653,114.0,259.0
/data/AIUI/sr/400_noencode/shiqu/LSA/C4/low_c4_0.5s_5.5s/low_c4_0.5s_5.5s_183_encode.pcm,1499908863463.0,2403,1499908866903.0,1499908866845.0,,54.98,979.0,1037.0
/data/AIUI/sr/400_noencode/shiqu/LSA/C3/hight_c3_0.5s_5.5s/hight_c3_0.5s_5.5s_116_encode.pcm,1499908871379.0,1779,1499908873991.0,1499908873905.0,2.063,82.644,747.0,833.0
/data/AIUI/sr/400_noencode/shiqu/LSA/C3/low_c3_1s_5s/low_c3_1s_5s_234_encode.pcm,1499908878666.0,2113,1499908881865.0,1499908881774.0,,85.129,995.0,1086.0
/data/AIUI/sr/400_noencode/jiaoqu/C3/LSA/hight_c3_2s_4s/hight_c3_2s_4s_170_encode.pcm,1499908885796.0,3629,1499908890371.0,1499908890260.0,2.217,98.026,835.0,946.0
/data/AIUI/sr/400_noencode/jiaoqu/C3/LSA/hight_c3_2s_4s/hight_c3_2s_4s_147_encode.pcm,1499908893440.0,3205,1499908897735.0,1499908897627.0,2.073,100.007,982.0,1090.0
/data/AIUI/sr/400_noencode/shiqu/LSA/C4/hight_c4_2s_4s/hight_c4_2s_4s_200_encode.pcm,1499908900660.0,4726,1499908906040.0,1499908905902.0,2.914,133.881,516.0,654.0
/data/AIUI/sr/400_noencode/shiqu/LSA/C4/low_c4_1s_5s/low_c4_1s_5s_87_encode.pcm,1499908909397.0,2244,1499908912351.0,1499908912303.0,,46.702,662.0,710.0
/data/AIUI/sr/400_noencode/jiaoqu/C3/LSA/low_c3_1s_5s/low_c3_1s_5s_175_encode.pcm,1499908916654.0,2757,1499908920310.0,1499908920189.0,2.389,113.938,778.0,899.0
/data/AIUI/sr/400_noencode/shiqu/LSA/C3/hight_c3_0.5s_5.5s/hight_c3_0.5s_5.5s_289_encode.pcm,1499908924422.0,2638,1499908927670.0,1499908927573.0,1.944,92.892,513.0,610.0
/data/AIUI/sr/400_noencode/jiaoqu/C4/LSA/hight_c4_2s_4s/hight_c4_2s_4s_48_encode.pcm,1499908932569.0,3862,1499908937303.0,1499908937195.0,1.984,101.156,764.0,872.0
/data/AIUI/sr/400_noencode/shiqu/LSA/C3/hight_c3_1s_5s/hight_c3_1s_5s_313_encode.pcm,1499908940447.0,2386,1499908943635.0,1499908943541.0,2.06,90.216,708.0,802.0
/data/AIUI/sr/400_noencode/jiaoqu/C4/LSA/hight_c4_2.5s_3.5s/hight_c4_2.5s_3.5s_333_encode.pcm,1499908947844.0,4180,1499908953089.0,1499908952992.0,2.133,91.168,968.0,1065.0
/data/AIUI/sr/400_noencode/shiqu/LSA/C4/low_c4_2s_4s/low_c4_2s_4s_274_encode.pcm,1499908955541.0,3896,1499908960187.0,1499908960073.0,2.11,109.113,636.0,750.0
/data/AIUI/sr/400_noencode/jiaoqu/C4/LSA/hight_c4_2s_4s/hight_c4_2s_4s_44_encode.pcm,1499908963447.0,3890,1499908968169.0,1499908968022.0,2.218,135.823,685.0,832.0
/data/AIUI/sr/400_noencode/shiqu/LSA/C3/hight_c3_1s_5s/hight_c3_1s_5s_253_encode.pcm,1499908971355.0,4608,1499908976804.0,1499908976673.0,2.325,127.819,710.0,841.0
/data/AIUI/sr/400_noencode/jiaoqu/C3/LSA/low_c3_2s_4s/low_c3_2s_4s_304_encode.pcm,1499908980972.0,3181,1499908985222.0,1499908985141.0,1.98,76.18,988.0,1069.0
/data/AIUI/sr/400_noencode/jiaoqu/C4/LSA/hight_c4_2.5s_3.5s/hight_c4_2.5s_3.5s_188_encode.pcm,1499908988170.0,5143,1499908994170.0,1499908994047.0,1.997,119.119,734.0,857.0
/data/AIUI/sr/400_noencode/shiqu/LSA/C3/hight_c3_1s_5s/hight_c3_1s_5s_295_encode.pcm,1499908996828.0,2788,1499909000555.0,1499909000413.0,2.136,138.093,797.0,939.0
/data/AIUI/sr/400_noencode/jiaoqu/C3/LSA/low_c3_2.5s_3.5s/low_c3_2.5s_3.5s_198_encode.pcm,1499909004627.0,4929,1499909010460.0,1499909010372.0,,86.549,816.0,904.0
/data/AIUI/sr/400_noencode/jiaoqu/C3/LSA/hight_c3_0.5s_5.5s/hight_c3_0.5s_5.5s_139_encode.pcm,1499909013067.0,4095,1499909018082.0,1499909017934.0,1.98,140.352,772.0,920.0
/data/AIUI/sr/400_noencode/jiaoqu/C3/LSA/hight_c3_1s_5s/hight_c3_1s_5s_54_encode.pcm,1499909022675.0,3444,1499909027017.0,1499909026880.0,2.023,133.177,761.0,898.0
/data/AIUI/sr/400_noencode/jiaoqu/C3/LSA/low_c3_2s_4s/low_c3_2s_4s_340_encode.pcm,1499909031137.0,3839,1499909035778.0,1499909035645.0,2.043,125.508,669.0,802.0
