strAudioPath,nAppenAudioTime(UTC ms),nAudioVadEndPoint(ms),nMsgCallBackTime(UTC ms),nSrResultTime(UTC ms),nSearchProcessTime(ms) 1.39,nNLIInterpretTime(ms) 33.49,nRecTime(ms) 1359.54,nFinalResultTime(ms) 760.95,RecTimeBiggerThan3s(%) 2/364=0.55%,FinalResultTimeBiggerThan3s(%) 2/341=0.59%
\\192.168.28.101\套件测试集\识别\400_noencode\shiqu\LSA\C3\hight_c3_1s_5s\hight_c3_1s_5s_7_encode.pcm,1499846365993.0,2511,1499846369909.0,1499846370394.0,44.635,195.466,1890.0,1405.0
\\192.168.28.101\套件测试集\识别\400_noencode\jiaoqu\C3\LSA\low_c3_2.5s_3.5s\low_c3_2.5s_3.5s_167_encode.pcm,1499846373715.0,5172,1499846379831.0,1499846380487.0,1.258,36.825,1600.0,944.0
\\192.168.28.101\套件测试集\识别\400_noencode\jiaoqu\C4\LSA\low_c4_2.5s_3.5s\low_c4_2.5s_3.5s_164_encode.pcm,1499846382545.0,6542,1499846387693.0,1499846388365.0,1.136,27.308,,
\\192.168.28.101\套件测试集\识别\400_noencode\jiaoqu\C4\LSA\low_c4_2.5s_3.5s\low_c4_2.5s_3.5s_164_encode.pcm,1499846382545.0,6542,1499846390688.0,1499846391376.0,,20.808,2289.0,1601.0
\\192.168.28.101\套件测试集\识别\400_noencode\shiqu\LSA\C4\hight_c4_1s_5s\hight_c4_1s_5s_27_encode.pcm,1499846392701.0,4580,1499846398785.0,1499846399441.0,1.22,35.447,2160.0,1504.0
\\192.168.28.101\套件测试集\识别\400_noencode\shiqu\LSA\C4\hight_c4_1s_5s\hight_c4_1s_5s_1_encode.pcm,1499846402388.0,3295,1499846406460.0,1499846407101.0,1.234,51.415,1418.0,777.0
\\192.168.28.101\套件测试集\识别\400_noencode\jiaoqu\C4\LSA\low_c4_2s_4s\low_c4_2s_4s_321_encode.pcm,1499846410828.0,3591,1499846415290.0,1499846415946.0,1.094,51.606,1527.0,871.0
\\192.168.28.101\套件测试集\识别\400_noencode\shiqu\LSA\C4\hight_c4_2s_4s\hight_c4_2s_4s_188_encode.pcm,1499846418612.0,4643,1499846424244.0,1499846424885.0,1.193,50.039,1630.0,989.0
\\192.168.28.101\套件测试集\识别\400_noencode\jiaoqu\C4\LSA\hight_c4_0.5s_5.5s\hight_c4_0.5s_5.5s_30_encode.pcm,1499846427395.0,3563,1499846432684.0,1499846433340.0,1.203,38.323,2382.0,1726.0
\\192.168.28.101\套件测试集\识别\400_noencode\jiaoqu\C4\LSA\hight_c4_2.5s_3.5s\hight_c4_2.5s_3.5s_213_encode.pcm,1499846436584.0,5798,1499846443136.0,1499846443792.0,1.184,45.601,1410.0,754.0
\\192.168.28.101\套件测试集\识别\400_noencode\jiaoqu\C3\LSA\hight_c3_1s_5s\hight_c3_1s_5s_117_encode.pcm,1499846446022.0,2883,1499846449688.0,1499846450360.0,1.18,24.873,1455.0,783.0
\\192.168.28.101\套件测试集\识别\400_noencode\jiaoqu\C3\LSA\hight_c3_1s_5s\hight_c3_1s_5s_61_encode.pcm,1499846471684.0,1996,1499846474492.0,1499846475164.0,1.568,29.691,1484.0,812.0
\\192.168.28.101\套件测试集\识别\400_noencode\jiaoqu\C3\LSA\low_c3_2s_4s\low_c3_2s_4s_71_encode.pcm,1499846478813.0,4078,1499846483805.0,1499846484462.0,1.225,40.338,1571.0,914.0
\\192.168.28.101\套件测试集\识别\400_noencode\jiaoqu\C3\LSA\hight_c3_1s_5s\hight_c3_1s_5s_113_encode.pcm,1499846487019.0,3163,1499846489921.0,1499846490592.0,,27.675,410.0,
\\192.168.28.101\套件测试集\识别\400_noencode\jiaoqu\C4\LSA\hight_c4_0.5s_5.5s\hight_c4_0.5s_5.5s_138_encode.pcm,1499846495256.0,3895,1499846499889.0,1499846500545.0,1.172,39.005,1394.0,738.0
\\192.168.28.101\套件测试集\识别\400_noencode\jiaoqu\C3\LSA\hight_c3_0.5s_5.5s\hight_c3_0.5s_5.5s_359_encode.pcm,1499846504772.0,475,1499846508734.0,1499846509390.0,1.32,48.305,4143.0,3487.0
\\192.168.28.101\套件测试集\识别\400_noencode\shiqu\LSA\C3\hight_c3_0.5s_5.5s\hight_c3_0.5s_5.5s_97_encode.pcm,1499846510903.0,1734,1499846513445.0,1499846514102.0,,36.264,1465.0,808.0
\\192.168.28.101\套件测试集\识别\400_noencode\jiaoqu\C3\LSA\low_c3_0.5s_5.5s\low_c3_0.5s_5.5s_90_encode.pcm,1499846518297.0,1844,1499846520856.0,1499846521527.0,,20.083,1386.0,715.0
\\192.168.28.101\套件测试集\识别\400_noencode\jiaoqu\C3\LSA\low_c3_2s_4s\low_c3_2s_4s_171_encode.pcm,1499846525754.0,3803,1499846530793.0,1499846531449.0,1.134,36.634,1892.0,1236.0
\\192.168.28.101\套件测试集\识别\400_noencode\jiaoqu\C4\LSA\low_c4_2.5s_3.5s\low_c4_2.5s_3.5s_318_encode.pcm,1499846533679.0,4475,1499846537984.0,1499846538656.0,,32.844,502.0,
\\192.168.28.101\套件测试集\识别\400_noencode\jiaoqu\C3\LSA\hight_c3_1s_5s\hight_c3_1s_5s_84_encode.pcm,1499846541760.0,2322,1499846544864.0,1499846545536.0,,25.439,1454.0,782.0
\\192.168.28.101\套件测试集\识别\400_noencode\jiaoqu\C4\LSA\hight_c4_2s_4s\hight_c4_2s_4s_355_encode.pcm,1499846549185.0,4800,1499846555176.0,1499846555832.0,1.245,40.623,1847.0,1191.0
\\192.168.28.101\套件测试集\识别\400_noencode\jiaoqu\C4\LSA\hight_c4_2.5s_3.5s\hight_c4_2.5s_3.5s_116_encode.pcm,1499846558093.0,3779,1499846562477.0,1499846563148.0,1.209,23.492,1276.0,605.0
\\192.168.28.101\套件测试集\识别\400_noencode\jiaoqu\C4\LSA\hight_c4_0.5s_5.5s\hight_c4_0.5s_5.5s_32_encode.pcm,1499846565472.0,4004,1499846568623.0,1499846569279.0,1.423,44.357,,
\\192.168.28.101\套件测试集\识别\400_noencode\jiaoqu\C4\LSA\hight_c4_0.5s_5.5s\hight_c4_0.5s_5.5s_32_encode.pcm,1499846565472.0,4004,1499846569965.0,1499846570636.0,,27.836,1160.0,489.0
\\192.168.28.101\套件测试集\识别\400_noencode\jiaoqu\C3\LSA\hight_c3_2s_4s\hight_c3_2s_4s_143_encode.pcm,1499846575097.0,3288,1499846579138.0,1499846579809.0,1.245,30.22,1424.0,753.0
\\192.168.28.101\套件测试集\识别\400_noencode\jiaoqu\C4\LSA\hight_c4_2.5s_3.5s\hight_c4_2.5s_3.5s_217_encode.pcm,1499846582476.0,3798,1499846587078.0,1499846587750.0,1.449,29.198,1476.0,804.0
\\192.168.28.101\套件测试集\识别\400_noencode\jiaoqu\C3\LSA\hight_c3_1s_5s\hight_c3_1s_5s_67_encode.pcm,1499846589886.0,1985,1499846592663.0,1499846593335.0,1.401,34.216,1464.0,792.0
\\192.168.28.101\套件测试集\识别\400_noencode\jiaoqu\C3\LSA\hight_c3_2s_4s\hight_c3_2s_4s_183_encode.pcm,1499846597015.0,3903,1499846600525.0,1499846601181.0,1.07,35.935,263.0,
\\192.168.28.101\套件测试集\识别\400_noencode\shiqu\LSA\C3\low_c3_2s_4s\low_c3_2s_4s_74_encode.pcm,1499846605112.0,5123,1499846611040.0,1499846611696.0,1.257,45.769,1461.0,805.0
\\192.168.28.101\套件测试集\识别\400_noencode\shiqu\LSA\C4\low_c4_0.5s_5.5s\low_c4_0.5s_5.5s_11_encode.pcm,1499846614394.0,4452,1499846617233.0,1499846617920.0,1.242,23.549,,
\\192.168.28.101\套件测试集\识别\400_noencode\shiqu\LSA\C4\low_c4_0.5s_5.5s\low_c4_0.5s_5.5s_11_encode.pcm,1499846614394.0,4452,1499846619589.0,1499846620260.0,,26.768,1414.0,743.0
\\192.168.28.101\套件测试集\识别\400_noencode\jiaoqu\C3\LSA\low_c3_2s_4s\low_c3_2s_4s_189_encode.pcm,1499846624425.0,3553,1499846628824.0,1499846629480.0,1.145,47.19,1502.0,846.0
\\192.168.28.101\套件测试集\识别\400_noencode\shiqu\LSA\C4\hight_c4_0.5s_5.5s\hight_c4_0.5s_5.5s_353_encode.pcm,1499846649556.0,2376,1499846653004.0,1499846653660.0,1.177,44.727,1728.0,1072.0
\\192.168.28.101\套件测试集\识别\400_noencode\shiqu\LSA\C4\low_c4_0.5s_5.5s\low_c4_0.5s_5.5s_117_encode.pcm,1499846657544.0,2383,1499846660586.0,1499846661257.0,1.123,24.952,1330.0,659.0
\\192.168.28.101\套件测试集\识别\400_noencode\jiaoqu\C4\LSA\low_c4_2s_4s\low_c4_2s_4s_143_encode.pcm,1499846665531.0,3288,1499846669415.0,1499846670103.0,1.154,24.551,1284.0,596.0
\\192.168.28.101\套件测试集\识别\400_noencode\jiaoqu\C4\LSA\low_c4_1s_5s\low_c4_1s_5s_265_encode.pcm,1499846672988.0,2483,1499846676467.0,1499846677123.0,1.775,39.234,1652.0,996.0
\\192.168.28.101\套件测试集\识别\400_noencode\jiaoqu\C3\LSA\hight_c3_1s_5s\hight_c3_1s_5s_76_encode.pcm,1499846680601.0,4240,1499846685015.0,1499846685687.0,1.215,34.766,846.0,174.0
\\192.168.28.101\套件测试集\识别\400_noencode\shiqu\LSA\C4\hight_c4_2s_4s\hight_c4_2s_4s_230_encode.pcm,1499846689992.0,3332,1499846694219.0,1499846694891.0,,33.777,1567.0,895.0
\\192.168.28.101\套件测试集\识别\400_noencode\shiqu\LSA\C3\hight_c3_2s_4s\hight_c3_2s_4s_309_encode.pcm,1499846717214.0,3302,1499846721223.0,1499846721879.0,1.077,31.987,1363.0,707.0
\\192.168.28.101\套件测试集\识别\400_noencode\jiaoqu\C3\LSA\hight_c3_2s_4s\hight_c3_2s_4s_48_encode.pcm,1499846724655.0,3862,1499846729413.0,1499846730085.0,1.198,28.221,1568.0,896.0
\\192.168.28.101\套件测试集\识别\400_noencode\jiaoqu\C4\LSA\low_c4_2s_4s\low_c4_2s_4s_193_encode.pcm,1499846732658.0,3316,1499846736792.0,1499846737464.0,1.224,26.304,1490.0,818.0
\\192.168.28.101\套件测试集\识别\400_noencode\shiqu\LSA\C3\hight_c3_0.5s_5.5s\hight_c3_0.5s_5.5s_49_encode.pcm,1499846740115.0,2357,1499846743235.0,1499846743907.0,1.295,27.775,1435.0,763.0
\\192.168.28.101\套件测试集\识别\400_noencode\jiaoqu\C3\LSA\hight_c3_0.5s_5.5s\hight_c3_0.5s_5.5s_315_encode.pcm,1499846748102.0,3239,1499846752252.0,1499846752908.0,1.326,37.711,1567.0,911.0
\\192.168.28.101\套件测试集\识别\400_noencode\shiqu\LSA\C4\hight_c4_1s_5s\hight_c4_1s_5s_237_encode.pcm,1499846756947.0,4844,1499846762439.0,1499846763095.0,1.986,46.95,1304.0,648.0
\\192.168.28.101\套件测试集\识别\400_noencode\jiaoqu\C4\LSA\hight_c4_0.5s_5.5s\hight_c4_0.5s_5.5s_91_encode.pcm,1499846766900.0,1793,1499846769521.0,1499846770193.0,1.161,19.934,1500.0,828.0
\\192.168.28.101\套件测试集\识别\400_noencode\jiaoqu\C3\LSA\hight_c3_2.5s_3.5s\hight_c3_2.5s_3.5s_55_encode.pcm,1499846774279.0,3623,1499846778710.0,1499846779366.0,1.14,31.166,1464.0,808.0
\\192.168.28.101\套件测试集\识别\400_noencode\jiaoqu\C3\LSA\hight_c3_1s_5s\hight_c3_1s_5s_48_encode.pcm,1499846781549.0,2862,1499846785246.0,1499846785918.0,1.177,41.291,1507.0,835.0
\\192.168.28.101\套件测试集\识别\400_noencode\shiqu\LSA\C3\hight_c3_2s_4s\hight_c3_2s_4s_358_encode.pcm,1499846789552.0,4780,1499846795168.0,1499846795808.0,1.419,56.227,1476.0,836.0
\\192.168.28.101\套件测试集\识别\400_noencode\shiqu\LSA\C4\low_c4_2s_4s\low_c4_2s_4s_245_encode.pcm,1499846816836.0,5479,1499846823014.0,1499846823670.0,1.495,37.5,1355.0,699.0
\\192.168.28.101\套件测试集\识别\400_noencode\jiaoqu\C4\LSA\low_c4_2.5s_3.5s\low_c4_2.5s_3.5s_210_encode.pcm,1499846826430.0,4700,1499846831563.0,1499846832235.0,1.267,28.645,1105.0,433.0
\\192.168.28.101\套件测试集\识别\400_noencode\shiqu\LSA\C4\hight_c4_1s_5s\hight_c4_1s_5s_10_encode.pcm,1499846834776.0,4182,1499846839831.0,1499846840487.0,1.155,42.408,1529.0,873.0
\\192.168.28.101\套件测试集\识别\400_noencode\shiqu\LSA\C4\hight_c4_0.5s_5.5s\hight_c4_0.5s_5.5s_235_encode.pcm,1499846844246.0,1698,1499846846601.0,1499846847289.0,,16.824,1345.0,657.0
\\192.168.28.101\套件测试集\识别\400_noencode\jiaoqu\C4\LSA\low_c4_2.5s_3.5s\low_c4_2.5s_3.5s_330_encode.pcm,1499846851531.0,4041,1499846856445.0,1499846857132.0,1.966,24.159,1560.0,873.0
\\192.168.28.101\套件测试集\识别\400_noencode\jiaoqu\C4\LSA\hight_c4_0.5s_5.5s\hight_c4_0.5s_5.5s_282_encode.pcm,1499846859456.0,2928,1499846863075.0,1499846863747.0,1.17,40.979,1363.0,691.0
\\192.168.28.101\套件测试集\识别\400_noencode\jiaoqu\C3\LSA\hight_c3_1s_5s\hight_c3_1s_5s_325_encode.pcm,1499846868020.0,2701,1499846871530.0,1499846872202.0,1.151,30.913,1481.0,809.0
\\192.168.28.101\套件测试集\识别\400_noencode\jiaoqu\C4\LSA\hight_c4_2s_4s\hight_c4_2s_4s_195_encode.pcm,1499846893136.0,4747,1499846899454.0,1499846900126.0,1.28,29.874,2243.0,1571.0
\\192.168.28.101\套件测试集\识别\400_noencode\shiqu\LSA\C4\low_c4_1s_5s\low_c4_1s_5s_222_encode.pcm,1499846901997.0,2413,1499846905133.0,1499846905820.0,1.12,24.931,1410.0,723.0
\\192.168.28.101\套件测试集\识别\400_noencode\jiaoqu\C4\LSA\hight_c4_2.5s_3.5s\hight_c4_2.5s_3.5s_164_encode.pcm,1499846909532.0,6542,1499846914337.0,1499846915009.0,1.172,40.236,,
\\192.168.28.101\套件测试集\识别\400_noencode\jiaoqu\C4\LSA\hight_c4_2.5s_3.5s\hight_c4_2.5s_3.5s_164_encode.pcm,1499846909532.0,6542,1499846916848.0,1499846917520.0,,35.36,1446.0,774.0
\\192.168.28.101\套件测试集\识别\400_noencode\jiaoqu\C4\LSA\low_c4_0.5s_5.5s\low_c4_0.5s_5.5s_126_encode.pcm,1499846919672.0,2449,1499846922995.0,1499846923667.0,1.46,36.116,1546.0,874.0
\\192.168.28.101\套件测试集\识别\400_noencode\jiaoqu\C3\LSA\hight_c3_1s_5s\hight_c3_1s_5s_10_encode.pcm,1499846927722.0,4182,1499846930889.0,1499846931560.0,1.23,24.521,,
\\192.168.28.101\套件测试集\识别\400_noencode\jiaoqu\C3\LSA\hight_c3_1s_5s\hight_c3_1s_5s_10_encode.pcm,1499846927722.0,4182,1499846932168.0,1499846932855.0,,23.608,951.0,264.0
\\192.168.28.101\套件测试集\识别\400_noencode\shiqu\LSA\C3\hight_c3_1s_5s\hight_c3_1s_5s_91_encode.pcm,1499846937004.0,2293,1499846940186.0,1499846940858.0,1.69,34.031,1561.0,889.0
\\192.168.28.101\套件测试集\识别\400_noencode\shiqu\LSA\C4\hight_c4_1s_5s\hight_c4_1s_5s_143_encode.pcm,1499846944367.0,2288,1499846947393.0,1499846948065.0,1.176,29.403,1410.0,738.0
\\192.168.28.101\套件测试集\识别\400_noencode\jiaoqu\C3\LSA\low_c3_2.5s_3.5s\low_c3_2.5s_3.5s_176_encode.pcm,1499846951793.0,4203,1499846956582.0,1499846957269.0,,16.423,1273.0,586.0
\\192.168.28.101\套件测试集\识别\400_noencode\shiqu\LSA\C3\low_c3_1s_5s\low_c3_1s_5s_355_encode.pcm,1499846959593.0,3800,1499846964273.0,1499846964945.0,1.189,35.531,1552.0,880.0
\\192.168.28.101\套件测试集\识别\400_noencode\jiaoqu\C3\LSA\hight_c3_2.5s_3.5s\hight_c3_2.5s_3.5s_165_encode.pcm,1499846968532.0,6480,1499846975801.0,1499846976442.0,1.239,50.284,1430.0,789.0
\\192.168.28.101\套件测试集\识别\400_noencode\jiaoqu\C4\LSA\low_c4_2s_4s\low_c4_2s_4s_183_encode.pcm,1499846978640.0,3903,1499846982260.0,1499846982916.0,1.143,34.59,373.0,
\\192.168.28.101\套件测试集\识别\400_noencode\shiqu\LSA\C4\hight_c4_0.5s_5.5s\hight_c4_0.5s_5.5s_209_encode.pcm,1499846986706.0,2519,1499846989997.0,1499846990654.0,1.227,38.388,1429.0,772.0
\\192.168.28.101\套件测试集\识别\400_noencode\jiaoqu\C3\LSA\low_c3_2s_4s\low_c3_2s_4s_356_encode.pcm,1499846994911.0,4558,1499847001151.0,1499847001792.0,,53.324,2323.0,1682.0
\\192.168.28.101\套件测试集\识别\400_noencode\shiqu\LSA\C3\hight_c3_1s_5s\hight_c3_1s_5s_177_encode.pcm,1499847003585.0,2625,1499847006955.0,1499847007626.0,1.251,27.162,1416.0,745.0
\\192.168.28.101\套件测试集\识别\400_noencode\jiaoqu\C4\LSA\hight_c4_2.5s_3.5s\hight_c4_2.5s_3.5s_14_encode.pcm,1499847011338.0,6654,1499847015207.0,1499847015879.0,,22.107,,
\\192.168.28.101\套件测试集\识别\400_noencode\jiaoqu\C4\LSA\hight_c4_2.5s_3.5s\hight_c4_2.5s_3.5s_14_encode.pcm,1499847011338.0,6654,1499847018546.0,1499847019233.0,,24.367,1241.0,554.0
\\192.168.28.101\套件测试集\识别\400_noencode\jiaoqu\C3\LSA\low_c3_0.5s_5.5s\low_c3_0.5s_5.5s_296_encode.pcm,1499847021588.0,1670,1499847023959.0,1499847024631.0,,30.199,1373.0,701.0
\\192.168.28.101\套件测试集\识别\400_noencode\jiaoqu\C3\LSA\hight_c3_0.5s_5.5s\hight_c3_0.5s_5.5s_136_encode.pcm,1499847028842.0,2177,1499847031837.0,1499847032509.0,1.171,29.13,1490.0,818.0
\\192.168.28.101\套件测试集\识别\400_noencode\jiaoqu\C3\LSA\hight_c3_1s_5s\hight_c3_1s_5s_43_encode.pcm,1499847036626.0,2853,1499847040245.0,1499847040901.0,1.888,42.348,1422.0,766.0
\\192.168.28.101\套件测试集\识别\400_noencode\jiaoqu\C3\LSA\hight_c3_0.5s_5.5s\hight_c3_0.5s_5.5s_321_encode.pcm,1499847044691.0,2091,1499847047780.0,1499847048405.0,1.684,65.244,1623.0,998.0
\\192.168.28.101\套件测试集\识别\400_noencode\shiqu\LSA\C4\hight_c4_2s_4s\hight_c4_2s_4s_172_encode.pcm,1499847052460.0,3907,1499847057281.0,1499847057859.0,1.323,110.909,1492.0,914.0
\\192.168.28.101\套件测试集\识别\400_noencode\jiaoqu\C3\LSA\hight_c3_2.5s_3.5s\hight_c3_2.5s_3.5s_12_encode.pcm,1499847074768.0,6618,1499847079948.0,1499847080604.0,1.58,39.862,,
\\192.168.28.101\套件测试集\识别\400_noencode\jiaoqu\C3\LSA\hight_c3_2.5s_3.5s\hight_c3_2.5s_3.5s_12_encode.pcm,1499847074768.0,6618,1499847082428.0,1499847082944.0,1.566,171.278,1558.0,1042.0
\\192.168.28.101\套件测试集\识别\400_noencode\shiqu\LSA\C3\low_c3_0.5s_5.5s\low_c3_0.5s_5.5s_17_encode.pcm,1499847085018.0,5654,1499847088840.0,1499847089496.0,1.585,46.641,,
\\192.168.28.101\套件测试集\识别\400_noencode\shiqu\LSA\C3\low_c3_0.5s_5.5s\low_c3_0.5s_5.5s_17_encode.pcm,1499847085018.0,5654,1499847091414.0,1499847092085.0,,31.868,1413.0,742.0
\\192.168.28.101\套件测试集\识别\400_noencode\shiqu\LSA\C3\low_c3_0.5s_5.5s\low_c3_0.5s_5.5s_202_encode.pcm,1499847096265.0,3060,1499847100196.0,1499847100853.0,1.198,47.108,1528.0,871.0
\\192.168.28.101\套件测试集\识别\400_noencode\shiqu\LSA\C4\hight_c4_2s_4s\hight_c4_2s_4s_148_encode.pcm,1499847104954.0,4173,1499847109853.0,1499847110509.0,1.173,32.671,1382.0,726.0
\\192.168.28.101\套件测试集\识别\400_noencode\jiaoqu\C4\LSA\hight_c4_2.5s_3.5s\hight_c4_2.5s_3.5s_84_encode.pcm,1499847113254.0,3822,1499847117076.0,1499847117763.0,,14.852,687.0,
\\192.168.28.101\套件测试集\识别\400_noencode\shiqu\LSA\C3\hight_c3_2s_4s\hight_c3_2s_4s_344_encode.pcm,1499847120648.0,3603,1499847125094.0,1499847125750.0,1.569,41.8,1499.0,843.0
\\192.168.28.101\套件测试集\识别\400_noencode\shiqu\LSA\C4\hight_c4_1s_5s\hight_c4_1s_5s_12_encode.pcm,1499847128370.0,5118,1499847132489.0,1499847133160.0,1.402,28.229,,
\\192.168.28.101\套件测试集\识别\400_noencode\shiqu\LSA\C4\hight_c4_1s_5s\hight_c4_1s_5s_12_encode.pcm,1499847128370.0,5118,1499847134267.0,1499847134939.0,,26.133,1451.0,779.0
\\192.168.28.101\套件测试集\识别\400_noencode\shiqu\LSA\C4\low_c4_1s_5s\low_c4_1s_5s_8_encode.pcm,1499847138573.0,2905,1499847141256.0,1499847141912.0,1.146,38.462,434.0,
\\192.168.28.101\套件测试集\识别\400_noencode\shiqu\LSA\C3\hight_c3_2s_4s\hight_c3_2s_4s_9_encode.pcm,1499847146591.0,4439,1499847151895.0,1499847152551.0,1.486,41.381,1521.0,865.0
\\192.168.28.101\套件测试集\识别\400_noencode\jiaoqu\C3\LSA\hight_c3_0.5s_5.5s\hight_c3_0.5s_5.5s_276_encode.pcm,1499847155156.0,2706,1499847158541.0,1499847159181.0,1.422,43.119,1319.0,679.0
\\192.168.28.101\套件测试集\识别\400_noencode\jiaoqu\C4\LSA\low_c4_0.5s_5.5s\low_c4_0.5s_5.5s_238_encode.pcm,1499847163486.0,2712,1499847167043.0,1499847167715.0,1.138,24.056,1517.0,845.0
\\192.168.28.101\套件测试集\识别\400_noencode\shiqu\LSA\C4\low_c4_1s_5s\low_c4_1s_5s_192_encode.pcm,1499847171817.0,2203,1499847174905.0,1499847175546.0,1.464,33.095,1526.0,885.0
\\192.168.28.101\套件测试集\识别\400_noencode\jiaoqu\C3\LSA\low_c3_2s_4s\low_c3_2s_4s_19_encode.pcm,1499847179195.0,3953,1499847183782.0,1499847184454.0,1.153,26.803,1306.0,634.0
\\192.168.28.101\套件测试集\识别\400_noencode\jiaoqu\C3\LSA\hight_c3_2s_4s\hight_c3_2s_4s_82_encode.pcm,1499847187276.0,3243,1499847191441.0,1499847192113.0,,27.968,1594.0,922.0
\\192.168.28.101\套件测试集\识别\400_noencode\jiaoqu\C3\LSA\hight_c3_2s_4s\hight_c3_2s_4s_146_encode.pcm,1499847194608.0,3946,1499847199491.0,1499847200147.0,1.194,40.807,1593.0,937.0
\\192.168.28.101\套件测试集\识别\400_noencode\jiaoqu\C4\LSA\hight_c4_2.5s_3.5s\hight_c4_2.5s_3.5s_296_encode.pcm,1499847202720.0,3670,1499847206979.0,1499847207667.0,,16.985,1277.0,589.0
\\192.168.28.101\套件测试集\识别\400_noencode\jiaoqu\C3\LSA\hight_c3_2s_4s\hight_c3_2s_4s_41_encode.pcm,1499847209990.0,3465,1499847214202.0,1499847214858.0,1.188,35.125,1403.0,747.0
\\192.168.28.101\套件测试集\识别\400_noencode\shiqu\LSA\C3\low_c3_0.5s_5.5s\low_c3_0.5s_5.5s_111_encode.pcm,1499847217556.0,2120,1499847221160.0,1499847221816.0,1.213,36.909,2140.0,1484.0
\\192.168.28.101\套件测试集\识别\400_noencode\jiaoqu\C3\LSA\low_c3_2.5s_3.5s\low_c3_2.5s_3.5s_281_encode.pcm,1499847225325.0,4738,1499847230442.0,1499847231098.0,1.21,36.658,1035.0,379.0
\\192.168.28.101\套件测试集\识别\400_noencode\shiqu\LSA\C3\hight_c3_2s_4s\hight_c3_2s_4s_267_encode.pcm,1499847233718.0,3489,1499847238070.0,1499847238742.0,1.269,35.865,1535.0,863.0
\\192.168.28.101\套件测试集\识别\400_noencode\shiqu\LSA\C4\low_c4_1s_5s\low_c4_1s_5s_357_encode.pcm,1499847241377.0,3583,1499847245714.0,1499847246355.0,1.187,47.94,1395.0,754.0
\\192.168.28.101\套件测试集\识别\400_noencode\shiqu\LSA\C4\hight_c4_1s_5s\hight_c4_1s_5s_194_encode.pcm,1499847250082.0,3550,1499847254450.0,1499847255122.0,1.178,35.455,1490.0,818.0
\\192.168.28.101\套件测试集\识别\400_noencode\shiqu\LSA\C4\low_c4_2s_4s\low_c4_2s_4s_185_encode.pcm,1499847258756.0,4651,1499847264263.0,1499847264919.0,1.167,43.244,1512.0,856.0
\\192.168.28.101\套件测试集\识别\400_noencode\shiqu\LSA\C3\hight_c3_1s_5s\hight_c3_1s_5s_25_encode.pcm,1499847267523.0,2419,1499847270659.0,1499847271346.0,1.205,22.462,1404.0,717.0
\\192.168.28.101\套件测试集\识别\400_noencode\shiqu\LSA\C4\low_c4_2s_4s\low_c4_2s_4s_95_encode.pcm,1499847275058.0,3506,1499847279270.0,1499847279957.0,,11.888,1393.0,706.0
\\192.168.28.101\套件测试集\识别\400_noencode\jiaoqu\C3\LSA\hight_c3_2.5s_3.5s\hight_c3_2.5s_3.5s_358_encode.pcm,1499847282655.0,5280,1499847288817.0,1499847289489.0,1.202,39.433,1554.0,882.0
\\192.168.28.101\套件测试集\识别\400_noencode\shiqu\LSA\C4\low_c4_1s_5s\low_c4_1s_5s_169_encode.pcm,1499847291547.0,3678,1499847295993.0,1499847296650.0,1.164,43.038,1425.0,768.0
\\192.168.28.101\套件测试集\识别\400_noencode\jiaoqu\C3\LSA\hight_c3_1s_5s\hight_c3_1s_5s_242_encode.pcm,1499847335399.0,2827,1499847339018.0,1499847339675.0,1.603,34.982,1449.0,792.0
\\192.168.28.101\套件测试集\识别\400_noencode\jiaoqu\C4\LSA\hight_c4_1s_5s\hight_c4_1s_5s_85_encode.pcm,1499847343324.0,2361,1499847346116.0,1499847346788.0,1.307,24.806,1103.0,431.0
\\192.168.28.101\套件测试集\识别\400_noencode\jiaoqu\C3\LSA\hight_c3_2.5s_3.5s\hight_c3_2.5s_3.5s_6_encode.pcm,1499847350796.0,4039,1499847355773.0,1499847356429.0,1.172,38.518,1594.0,938.0
\\192.168.28.101\套件测试集\识别\400_noencode\shiqu\LSA\C4\hight_c4_0.5s_5.5s\hight_c4_0.5s_5.5s_92_encode.pcm,1499847358877.0,1974,1499847361545.0,1499847362217.0,,18.993,1366.0,694.0
\\192.168.28.101\套件测试集\识别\400_noencode\shiqu\LSA\C4\low_c4_1s_5s\low_c4_1s_5s_97_encode.pcm,1499847366490.0,2234,1499847369439.0,1499847370126.0,,18.113,1402.0,715.0
\\192.168.28.101\套件测试集\识别\400_noencode\jiaoqu\C3\LSA\low_c3_0.5s_5.5s\low_c3_0.5s_5.5s_208_encode.pcm,1499847373885.0,1918,1499847376693.0,1499847377349.0,1.508,46.467,1546.0,890.0
\\192.168.28.101\套件测试集\识别\400_noencode\jiaoqu\C3\LSA\hight_c3_1s_5s\hight_c3_1s_5s_308_encode.pcm,1499847381466.0,2788,1499847384961.0,1499847385632.0,1.171,24.755,1378.0,707.0
\\192.168.28.101\套件测试集\识别\400_noencode\shiqu\LSA\C3\hight_c3_2s_4s\hight_c3_2s_4s_87_encode.pcm,1499847389360.0,3244,1499847393276.0,1499847393963.0,,11.545,1359.0,672.0
\\192.168.28.101\套件测试集\识别\400_noencode\shiqu\LSA\C4\low_c4_1s_5s\low_c4_1s_5s_306_encode.pcm,1499847396692.0,2471,1499847399859.0,1499847400515.0,1.187,40.559,1352.0,696.0
\\192.168.28.101\套件测试集\识别\400_noencode\jiaoqu\C3\LSA\hight_c3_2.5s_3.5s\hight_c3_2.5s_3.5s_239_encode.pcm,1499847439951.0,3937,1499847444709.0,1499847445365.0,1.13,42.887,1477.0,821.0
\\192.168.28.101\套件测试集\识别\400_noencode\jiaoqu\C4\LSA\hight_c4_1s_5s\hight_c4_1s_5s_69_encode.pcm,1499847447517.0,2668,1499847451058.0,1499847451715.0,1.193,49.575,1530.0,873.0
\\192.168.28.101\套件测试集\识别\400_noencode\jiaoqu\C3\LSA\low_c3_2s_4s\low_c3_2s_4s_24_encode.pcm,1499847455333.0,3518,1499847459654.0,1499847460295.0,1.546,49.412,1444.0,803.0
\\192.168.28.101\套件测试集\识别\400_noencode\jiaoqu\C3\LSA\hight_c3_1s_5s\hight_c3_1s_5s_263_encode.pcm,1499847462992.0,2699,1499847466612.0,1499847467283.0,1.169,39.166,1592.0,921.0
\\192.168.28.101\套件测试集\识别\400_noencode\shiqu\LSA\C4\hight_c4_2s_4s\hight_c4_2s_4s_157_encode.pcm,1499847470839.0,3463,1499847474989.0,1499847475661.0,1.168,23.32,1359.0,687.0
\\192.168.28.101\套件测试集\识别\400_noencode\jiaoqu\C3\LSA\low_c3_2.5s_3.5s\low_c3_2.5s_3.5s_292_encode.pcm,1499847478421.0,4320,1499847483085.0,1499847483757.0,1.128,34.324,1016.0,344.0
\\192.168.28.101\套件测试集\识别\400_noencode\jiaoqu\C3\LSA\hight_c3_0.5s_5.5s\hight_c3_0.5s_5.5s_21_encode.pcm,1499847486377.0,2146,1499847489263.0,1499847489919.0,1.172,37.389,1396.0,740.0
\\192.168.28.101\套件测试集\识别\400_noencode\jiaoqu\C3\LSA\low_c3_1s_5s\low_c3_1s_5s_160_encode.pcm,1499847494177.0,2742,1499847497063.0,1499847497735.0,1.151,32.116,816.0,144.0
\\192.168.28.101\套件测试集\识别\400_noencode\shiqu\LSA\C4\hight_c4_0.5s_5.5s\hight_c4_0.5s_5.5s_53_encode.pcm,1499847502039.0,3381,1499847506298.0,1499847506954.0,1.185,41.37,1534.0,878.0
\\192.168.28.101\套件测试集\识别\400_noencode\shiqu\LSA\C3\hight_c3_0.5s_5.5s\hight_c3_0.5s_5.5s_157_encode.pcm,1499847511087.0,1963,1499847513755.0,1499847514427.0,1.132,23.961,1377.0,705.0
\\192.168.28.101\套件测试集\识别\400_noencode\shiqu\LSA\C3\hight_c3_1s_5s\hight_c3_1s_5s_53_encode.pcm,1499847518685.0,3881,1499847523287.0,1499847523943.0,1.274,36.434,1377.0,721.0
\\192.168.28.101\套件测试集\识别\400_noencode\jiaoqu\C3\LSA\low_c3_0.5s_5.5s\low_c3_0.5s_5.5s_216_encode.pcm,1499847527702.0,3295,1499847530868.0,1499847531525.0,1.145,35.353,528.0,
\\192.168.28.101\套件测试集\识别\400_noencode\jiaoqu\C3\LSA\low_c3_0.5s_5.5s\low_c3_0.5s_5.5s_216_encode.pcm,1499847527702.0,3295,1499847531243.0,1499847531946.0,,9.479,949.0,246.0
\\192.168.28.101\套件测试集\识别\400_noencode\shiqu\LSA\C3\hight_c3_1s_5s\hight_c3_1s_5s_349_encode.pcm,1499847536594.0,3486,1499847540962.0,1499847541633.0,1.208,35.72,1553.0,882.0
\\192.168.28.101\套件测试集\识别\400_noencode\shiqu\LSA\C4\low_c4_2s_4s\low_c4_2s_4s_295_encode.pcm,1499847545205.0,3788,1499847549386.0,1499847550058.0,1.14,36.615,1065.0,393.0
\\192.168.28.101\套件测试集\识别\400_noencode\jiaoqu\C4\LSA\low_c4_1s_5s\low_c4_1s_5s_168_encode.pcm,1499847553161.0,3687,1499847556468.0,1499847557124.0,1.228,36.713,276.0,
\\192.168.28.101\套件测试集\识别\400_noencode\jiaoqu\C4\LSA\hight_c4_0.5s_5.5s\hight_c4_0.5s_5.5s_16_encode.pcm,1499847561975.0,4420,1499847564814.0,1499847565455.0,1.147,47.51,,
\\192.168.28.101\套件测试集\识别\400_noencode\jiaoqu\C4\LSA\hight_c4_0.5s_5.5s\hight_c4_0.5s_5.5s_16_encode.pcm,1499847561975.0,4420,1499847567045.0,1499847567732.0,,16.385,1337.0,650.0
\\192.168.28.101\套件测试集\识别\400_noencode\shiqu\LSA\C4\low_c4_1s_5s\low_c4_1s_5s_295_encode.pcm,1499847571990.0,2788,1499847575344.0,1499847576016.0,1.147,27.447,1238.0,566.0
\\192.168.28.101\套件测试集\识别\400_noencode\shiqu\LSA\C3\low_c3_1s_5s\low_c3_1s_5s_180_encode.pcm,1499847579900.0,3292,1499847584143.0,1499847584783.0,1.161,56.203,1591.0,951.0
\\192.168.28.101\套件测试集\识别\400_noencode\jiaoqu\C3\LSA\low_c3_1s_5s\low_c3_1s_5s_195_encode.pcm,1499847588386.0,3747,1499847592941.0,1499847593597.0,1.254,39.28,1464.0,808.0
\\192.168.28.101\套件测试集\识别\400_noencode\shiqu\LSA\C3\hight_c3_1s_5s\hight_c3_1s_5s_195_encode.pcm,1499847597262.0,3747,1499847602457.0,1499847603113.0,1.196,45.411,2104.0,1448.0
\\192.168.28.101\套件测试集\识别\400_noencode\jiaoqu\C4\LSA\low_c4_1s_5s\low_c4_1s_5s_324_encode.pcm,1499847606123.0,3170,1499847609883.0,1499847610539.0,1.666,46.014,1246.0,590.0
\\192.168.28.101\套件测试集\识别\400_noencode\shiqu\LSA\C3\hight_c3_0.5s_5.5s\hight_c3_0.5s_5.5s_299_encode.pcm,1499847614423.0,2000,1499847617121.0,1499847617778.0,1.285,36.187,1355.0,698.0
\\192.168.28.101\套件测试集\识别\400_noencode\jiaoqu\C3\LSA\hight_c3_2.5s_3.5s\hight_c3_2.5s_3.5s_330_encode.pcm,1499847622098.0,4041,1499847627152.0,1499847627824.0,1.455,34.051,1685.0,1013.0
\\192.168.28.101\套件测试集\识别\400_noencode\shiqu\LSA\C4\hight_c4_0.5s_5.5s\hight_c4_0.5s_5.5s_43_encode.pcm,1499847629757.0,2353,1499847632846.0,1499847633502.0,1.175,37.95,1392.0,736.0
\\192.168.28.101\套件测试集\识别\400_noencode\shiqu\LSA\C4\low_c4_1s_5s\low_c4_1s_5s_193_encode.pcm,1499847637760.0,2316,1499847640896.0,1499847641568.0,1.465,33.958,1492.0,820.0
\\192.168.28.101\套件测试集\识别\400_noencode\shiqu\LSA\C3\hight_c3_1s_5s\hight_c3_1s_5s_322_encode.pcm,1499847645186.0,2852,1499847648805.0,1499847649477.0,1.208,27.273,1439.0,767.0
\\192.168.28.101\套件测试集\识别\400_noencode\shiqu\LSA\C3\low_c3_1s_5s\low_c3_1s_5s_11_encode.pcm,1499847653204.0,4952,1499847656605.0,1499847657261.0,1.176,37.553,,
\\192.168.28.101\套件测试集\识别\400_noencode\shiqu\LSA\C3\low_c3_1s_5s\low_c3_1s_5s_11_encode.pcm,1499847653204.0,4952,1499847658914.0,1499847659586.0,,21.97,1430.0,758.0
\\192.168.28.101\套件测试集\识别\400_noencode\jiaoqu\C3\LSA\hight_c3_2s_4s\hight_c3_2s_4s_118_encode.pcm,1499847682689.0,3352,1499847686963.0,1499847687619.0,1.513,43.495,1578.0,922.0
\\192.168.28.101\套件测试集\识别\400_noencode\jiaoqu\C3\LSA\hight_c3_2.5s_3.5s\hight_c3_2.5s_3.5s_49_encode.pcm,1499847690301.0,4357,1499847695340.0,1499847696012.0,1.172,26.378,1354.0,682.0
\\192.168.28.101\套件测试集\识别\400_noencode\shiqu\LSA\C3\low_c3_1s_5s\low_c3_1s_5s_229_encode.pcm,1499847716744.0,2258,1499847719754.0,1499847720442.0,,18.515,1440.0,752.0
\\192.168.28.101\套件测试集\识别\400_noencode\shiqu\LSA\C3\low_c3_0.5s_5.5s\low_c3_0.5s_5.5s_307_encode.pcm,1499847724122.0,2037,1499847726946.0,1499847727602.0,1.531,36.981,1443.0,787.0
\\192.168.28.101\套件测试集\识别\400_noencode\shiqu\LSA\C4\low_c4_0.5s_5.5s\low_c4_0.5s_5.5s_291_encode.pcm,1499847731813.0,3309,1499847735682.0,1499847736354.0,1.344,28.2,1232.0,560.0
\\192.168.28.101\套件测试集\识别\400_noencode\jiaoqu\C3\LSA\hight_c3_2s_4s\hight_c3_2s_4s_114_encode.pcm,1499847740737.0,3467,1499847744995.0,1499847745683.0,1.12,22.878,1479.0,791.0
\\192.168.28.101\套件测试集\识别\400_noencode\shiqu\LSA\C4\low_c4_2s_4s\low_c4_2s_4s_25_encode.pcm,1499847748318.0,3419,1499847752421.0,1499847753093.0,1.173,23.053,1356.0,684.0
\\192.168.28.101\套件测试集\识别\400_noencode\jiaoqu\C4\LSA\hight_c4_0.5s_5.5s\hight_c4_0.5s_5.5s_215_encode.pcm,1499847755853.0,3723,1499847759893.0,1499847760550.0,1.205,46.438,974.0,317.0
\\192.168.28.101\套件测试集\识别\400_noencode\jiaoqu\C4\LSA\low_c4_1s_5s\low_c4_1s_5s_27_encode.pcm,1499847784604.0,4580,1499847787552.0,1499847788193.0,1.709,43.479,,
\\192.168.28.101\套件测试集\识别\400_noencode\jiaoqu\C4\LSA\low_c4_2s_4s\low_c4_2s_4s_252_encode.pcm,1499847794385.0,6658,1499847800859.0,1499847801500.0,1.178,48.275,457.0,
\\192.168.28.101\套件测试集\识别\400_noencode\shiqu\LSA\C4\low_c4_0.5s_5.5s\low_c4_0.5s_5.5s_84_encode.pcm,1499847805165.0,1822,1499847807630.0,1499847808317.0,,18.125,1330.0,643.0
\\192.168.28.101\套件测试集\识别\400_noencode\shiqu\LSA\C4\low_c4_0.5s_5.5s\low_c4_0.5s_5.5s_137_encode.pcm,1499847812591.0,4377,1499847817707.0,1499847818379.0,1.183,38.548,1411.0,739.0
\\192.168.28.101\套件测试集\识别\400_noencode\jiaoqu\C4\LSA\hight_c4_2.5s_3.5s\hight_c4_2.5s_3.5s_145_encode.pcm,1499847822575.0,3746,1499847827146.0,1499847827817.0,1.548,33.393,1496.0,825.0
\\192.168.28.101\套件测试集\识别\400_noencode\shiqu\LSA\C4\hight_c4_0.5s_5.5s\hight_c4_0.5s_5.5s_19_encode.pcm,1499847829907.0,2453,1499847833027.0,1499847833699.0,1.259,25.528,1339.0,667.0
\\192.168.28.101\套件测试集\识别\400_noencode\shiqu\LSA\C3\low_c3_1s_5s\low_c3_1s_5s_157_encode.pcm,1499847837972.0,2463,1499847841186.0,1499847841857.0,1.565,27.287,1422.0,751.0
\\192.168.28.101\套件测试集\识别\400_noencode\shiqu\LSA\C4\hight_c4_0.5s_5.5s\hight_c4_0.5s_5.5s_116_encode.pcm,1499847845569.0,1779,1499847848081.0,1499847848753.0,1.209,30.133,1405.0,733.0
\\192.168.28.101\套件测试集\识别\400_noencode\shiqu\LSA\C4\hight_c4_1s_5s\hight_c4_1s_5s_199_encode.pcm,1499847852948.0,3663,1499847857566.0,1499847858206.0,1.169,49.373,1595.0,955.0
\\192.168.28.101\套件测试集\识别\400_noencode\jiaoqu\C3\LSA\low_c3_0.5s_5.5s\low_c3_0.5s_5.5s_26_encode.pcm,1499847861731.0,4167,1499847866692.0,1499847867364.0,1.257,35.412,1466.0,794.0
\\192.168.28.101\套件测试集\识别\400_noencode\jiaoqu\C3\LSA\hight_c3_2s_4s\hight_c3_2s_4s_163_encode.pcm,1499847871528.0,4534,1499847876832.0,1499847877488.0,1.192,42.549,1426.0,770.0
\\192.168.28.101\套件测试集\识别\400_noencode\shiqu\LSA\C3\low_c3_2s_4s\low_c3_2s_4s_65_encode.pcm,1499847880170.0,3256,1499847884179.0,1499847884851.0,1.129,36.783,1425.0,753.0
\\192.168.28.101\套件测试集\识别\400_noencode\shiqu\LSA\C3\low_c3_0.5s_5.5s\low_c3_0.5s_5.5s_322_encode.pcm,1499847887580.0,2352,1499847890669.0,1499847891341.0,1.191,25.881,1409.0,737.0
\\192.168.28.101\套件测试集\识别\400_noencode\shiqu\LSA\C3\hight_c3_1s_5s\hight_c3_1s_5s_182_encode.pcm,1499847895552.0,2638,1499847898890.0,1499847899531.0,1.53,46.842,1341.0,700.0
\\192.168.28.101\套件测试集\识别\400_noencode\jiaoqu\C3\LSA\hight_c3_2s_4s\hight_c3_2s_4s_121_encode.pcm,1499847903305.0,3802,1499847906597.0,1499847907284.0,,17.294,177.0,
\\192.168.28.101\套件测试集\识别\400_noencode\shiqu\LSA\C4\low_c4_1s_5s\low_c4_1s_5s_220_encode.pcm,1499847911183.0,2605,1499847914584.0,1499847915240.0,1.15,34.733,1452.0,796.0
\\192.168.28.101\套件测试集\识别\400_noencode\jiaoqu\C3\LSA\low_c3_0.5s_5.5s\low_c3_0.5s_5.5s_29_encode.pcm,1499847918905.0,3738,1499847921713.0,1499847922385.0,1.152,30.498,,
\\192.168.28.101\套件测试集\识别\400_noencode\jiaoqu\C3\LSA\low_c3_0.5s_5.5s\low_c3_0.5s_5.5s_29_encode.pcm,1499847918905.0,3738,1499847923086.0,1499847923758.0,,25.587,1115.0,443.0
\\192.168.28.101\套件测试集\识别\400_noencode\shiqu\LSA\C4\hight_c4_0.5s_5.5s\hight_c4_0.5s_5.5s_241_encode.pcm,1499847928234.0,2276,1499847931183.0,1499847931854.0,,27.075,1344.0,673.0
\\192.168.28.101\套件测试集\识别\400_noencode\jiaoqu\C3\LSA\low_c3_2.5s_3.5s\low_c3_2.5s_3.5s_261_encode.pcm,1499847936097.0,4150,1499847940886.0,1499847941558.0,1.131,31.005,1311.0,639.0
\\192.168.28.101\套件测试集\识别\400_noencode\jiaoqu\C3\LSA\low_c3_2.5s_3.5s\low_c3_2.5s_3.5s_39_encode.pcm,1499847943865.0,4259,1499847948077.0,1499847948734.0,1.14,36.114,610.0,
\\192.168.28.101\套件测试集\识别\400_noencode\jiaoqu\C3\LSA\low_c3_2.5s_3.5s\low_c3_2.5s_3.5s_39_encode.pcm,1499847943865.0,4259,1499847948795.0,1499847949498.0,,12.513,1374.0,671.0
\\192.168.28.101\套件测试集\识别\400_noencode\jiaoqu\C3\LSA\hight_c3_2s_4s\hight_c3_2s_4s_6_encode.pcm,1499847951712.0,3539,1499847956361.0,1499847957017.0,1.133,44.564,1766.0,1110.0
\\192.168.28.101\套件测试集\识别\400_noencode\shiqu\LSA\C4\low_c4_1s_5s\low_c4_1s_5s_107_encode.pcm,1499847959388.0,4644,1499847964317.0,1499847964989.0,1.213,35.627,957.0,285.0
\\192.168.28.101\套件测试集\识别\400_noencode\jiaoqu\C3\LSA\low_c3_0.5s_5.5s\low_c3_0.5s_5.5s_276_encode.pcm,1499847969153.0,2706,1499847971228.0,1499847971915.0,,15.225,56.0,
\\192.168.28.101\套件测试集\识别\400_noencode\jiaoqu\C3\LSA\low_c3_2.5s_3.5s\low_c3_2.5s_3.5s_15_encode.pcm,1499847977484.0,6462,1499847981415.0,1499847982087.0,,28.739,,
\\192.168.28.101\套件测试集\识别\400_noencode\shiqu\LSA\C3\hight_c3_2s_4s\hight_c3_2s_4s_312_encode.pcm,1499848006406.0,3116,1499848010244.0,1499848010916.0,1.129,25.425,1394.0,722.0
\\192.168.28.101\套件测试集\识别\400_noencode\shiqu\LSA\C3\hight_c3_2s_4s\hight_c3_2s_4s_314_encode.pcm,1499848013629.0,3426,1499848017904.0,1499848018560.0,1.137,34.548,1505.0,849.0
\\192.168.28.101\套件测试集\识别\400_noencode\jiaoqu\C4\LSA\hight_c4_0.5s_5.5s\hight_c4_0.5s_5.5s_320_encode.pcm,1499848021180.0,2297,1499848024159.0,1499848024815.0,1.156,38.341,1338.0,682.0
\\192.168.28.101\套件测试集\识别\400_noencode\jiaoqu\C3\LSA\hight_c3_2s_4s\hight_c3_2s_4s_166_encode.pcm,1499848029089.0,6141,1499848035968.0,1499848036640.0,1.198,36.621,1410.0,738.0
\\192.168.28.101\套件测试集\识别\400_noencode\jiaoqu\C4\LSA\low_c4_2s_4s\low_c4_2s_4s_213_encode.pcm,1499848039354.0,5298,1499848044533.0,1499848045205.0,1.227,35.466,553.0,
\\192.168.28.101\套件测试集\识别\400_noencode\shiqu\LSA\C3\low_c3_1s_5s\low_c3_1s_5s_186_encode.pcm,1499848048761.0,2505,1499848052052.0,1499848052724.0,1.139,37.037,1458.0,786.0
\\192.168.28.101\套件测试集\识别\400_noencode\jiaoqu\C3\LSA\low_c3_1s_5s\low_c3_1s_5s_215_encode.pcm,1499848056373.0,4223,1499848059571.0,1499848060228.0,1.207,35.742,,
\\192.168.28.101\套件测试集\识别\400_noencode\shiqu\LSA\C3\low_c3_1s_5s\low_c3_1s_5s_248_encode.pcm,1499848065733.0,5225,1499848071739.0,1499848072396.0,1.198,42.239,1438.0,781.0
\\192.168.28.101\套件测试集\识别\400_noencode\shiqu\LSA\C4\hight_c4_2s_4s\hight_c4_2s_4s_358_encode.pcm,1499848076061.0,4780,1499848081630.0,1499848082271.0,1.561,57.764,1430.0,789.0
\\192.168.28.101\套件测试集\识别\400_noencode\jiaoqu\C3\LSA\hight_c3_0.5s_5.5s\hight_c3_0.5s_5.5s_342_encode.pcm,1499848084968.0,3832,1499848089617.0,1499848090273.0,1.412,38.385,1473.0,817.0
\\192.168.28.101\套件测试集\识别\400_noencode\jiaoqu\C4\LSA\hight_c4_0.5s_5.5s\hight_c4_0.5s_5.5s_142_encode.pcm,1499848094438.0,2005,1499848097230.0,1499848097886.0,1.145,37.931,1443.0,787.0
\\192.168.28.101\套件测试集\识别\400_noencode\shiqu\LSA\C4\low_c4_1s_5s\low_c4_1s_5s_215_encode.pcm,1499848102128.0,4223,1499848107043.0,1499848107699.0,1.256,42.035,1348.0,692.0
\\192.168.28.101\套件测试集\识别\400_noencode\jiaoqu\C4\LSA\hight_c4_2s_4s\hight_c4_2s_4s_298_encode.pcm,1499848130162.0,4014,1499848133999.0,1499848134640.0,1.519,44.606,464.0,
\\192.168.28.101\套件测试集\识别\400_noencode\shiqu\LSA\C3\low_c3_1s_5s\low_c3_1s_5s_45_encode.pcm,1499848138305.0,2947,1499848142346.0,1499848142986.0,1.536,51.281,1734.0,1094.0
\\192.168.28.101\套件测试集\识别\400_noencode\jiaoqu\C4\LSA\hight_c4_2s_4s\hight_c4_2s_4s_199_encode.pcm,1499848146370.0,4663,1499848151893.0,1499848152549.0,,39.632,1516.0,860.0
\\192.168.28.101\套件测试集\识别\400_noencode\shiqu\LSA\C4\hight_c4_1s_5s\hight_c4_1s_5s_313_encode.pcm,1499848192999.0,2386,1499848196119.0,1499848196791.0,1.178,35.939,1406.0,734.0
\\192.168.28.101\套件测试集\识别\400_noencode\jiaoqu\C4\LSA\low_c4_2s_4s\low_c4_2s_4s_266_encode.pcm,1499848200503.0,3339,1499848204652.0,1499848205309.0,1.251,41.92,1467.0,810.0
\\192.168.28.101\套件测试集\识别\400_noencode\jiaoqu\C3\LSA\low_c3_0.5s_5.5s\low_c3_0.5s_5.5s_165_encode.pcm,1499848208350.0,4480,1499848213607.0,1499848214247.0,1.205,47.911,1417.0,777.0
\\192.168.28.101\套件测试集\识别\400_noencode\shiqu\LSA\C3\hight_c3_0.5s_5.5s\hight_c3_0.5s_5.5s_309_encode.pcm,1499848218443.0,1802,1499848220954.0,1499848221626.0,1.125,32.444,1381.0,709.0
\\192.168.28.101\套件测试集\识别\400_noencode\jiaoqu\C4\LSA\hight_c4_0.5s_5.5s\hight_c4_0.5s_5.5s_19_encode.pcm,1499848225868.0,2453,1499848229035.0,1499848229707.0,1.14,25.511,1386.0,714.0
\\192.168.28.101\套件测试集\识别\400_noencode\jiaoqu\C4\LSA\low_c4_1s_5s\low_c4_1s_5s_175_encode.pcm,1499848233918.0,2757,1499848237054.0,1499848237726.0,,20.731,1051.0,379.0
\\192.168.28.101\套件测试集\识别\400_noencode\shiqu\LSA\C3\hight_c3_0.5s_5.5s\hight_c3_0.5s_5.5s_217_encode.pcm,1499848259799.0,1798,1499848262326.0,1499848262998.0,1.387,28.971,1401.0,729.0
\\192.168.28.101\套件测试集\识别\400_noencode\shiqu\LSA\C3\hight_c3_2s_4s\hight_c3_2s_4s_62_encode.pcm,1499848267209.0,3112,1499848271062.0,1499848271718.0,1.131,38.007,1397.0,741.0
\\192.168.28.101\套件测试集\识别\400_noencode\jiaoqu\C3\LSA\low_c3_2s_4s\low_c3_2s_4s_39_encode.pcm,1499848274463.0,3759,1499848278144.0,1499848278801.0,1.152,37.24,579.0,
\\192.168.28.101\套件测试集\识别\400_noencode\jiaoqu\C3\LSA\low_c3_2s_4s\low_c3_2s_4s_39_encode.pcm,1499848274463.0,3759,1499848278987.0,1499848279659.0,,18.107,1437.0,765.0
\\192.168.28.101\套件测试集\识别\400_noencode\shiqu\LSA\C4\low_c4_0.5s_5.5s\low_c4_0.5s_5.5s_284_encode.pcm,1499848282294.0,2878,1499848285773.0,1499848286429.0,1.196,32.014,1257.0,601.0
\\192.168.28.101\套件测试集\识别\400_noencode\shiqu\LSA\C4\hight_c4_0.5s_5.5s\hight_c4_0.5s_5.5s_28_encode.pcm,1499848290812.0,4262,1499848295804.0,1499848296460.0,1.191,36.002,1386.0,730.0
\\192.168.28.101\套件测试集\识别\400_noencode\jiaoqu\C4\LSA\low_c4_2s_4s\low_c4_2s_4s_126_encode.pcm,1499848300702.0,3949,1499848305398.0,1499848306070.0,1.387,30.468,1419.0,747.0
\\192.168.28.101\套件测试集\识别\400_noencode\shiqu\LSA\C3\low_c3_2s_4s\low_c3_2s_4s_39_encode.pcm,1499848326427.0,3759,1499848330935.0,1499848331623.0,1.145,26.063,1437.0,749.0
\\192.168.28.101\套件测试集\识别\400_noencode\shiqu\LSA\C3\low_c3_0.5s_5.5s\low_c3_0.5s_5.5s_350_encode.pcm,1499848334289.0,2883,1499848337971.0,1499848338643.0,1.173,33.547,1471.0,799.0
\\192.168.28.101\套件测试集\识别\400_noencode\jiaoqu\C4\LSA\hight_c4_2s_4s\hight_c4_2s_4s_91_encode.pcm,1499848342822.0,3293,1499848346894.0,1499848347581.0,1.206,19.702,1466.0,779.0
\\192.168.28.101\套件测试集\识别\400_noencode\jiaoqu\C3\LSA\low_c3_1s_5s\low_c3_1s_5s_302_encode.pcm,1499848350201.0,2413,1499848353321.0,1499848353993.0,,19.259,1379.0,707.0
\\192.168.28.101\套件测试集\识别\400_noencode\shiqu\LSA\C4\hight_c4_1s_5s\hight_c4_1s_5s_326_encode.pcm,1499848357689.0,2393,1499848360794.0,1499848361466.0,1.478,33.011,1384.0,712.0
\\192.168.28.101\套件测试集\识别\400_noencode\shiqu\LSA\C3\hight_c3_0.5s_5.5s\hight_c3_0.5s_5.5s_206_encode.pcm,1499848365193.0,2279,1499848368157.0,1499848368813.0,1.144,44.509,1341.0,685.0
\\192.168.28.101\套件测试集\识别\400_noencode\jiaoqu\C3\LSA\hight_c3_0.5s_5.5s\hight_c3_0.5s_5.5s_224_encode.pcm,1499848373133.0,2360,1499848376347.0,1499848377019.0,1.147,27.703,1526.0,854.0
\\192.168.28.101\套件测试集\识别\400_noencode\shiqu\LSA\C3\hight_c3_0.5s_5.5s\hight_c3_0.5s_5.5s_313_encode.pcm,1499848381121.0,1886,1499848383679.0,1499848384351.0,1.12,30.727,1344.0,672.0
\\192.168.28.101\套件测试集\识别\400_noencode\shiqu\LSA\C4\hight_c4_2s_4s\hight_c4_2s_4s_212_encode.pcm,1499848388640.0,5724,1499848395083.0,1499848395739.0,1.26,38.008,1375.0,719.0
\\192.168.28.101\套件测试集\识别\400_noencode\jiaoqu\C3\LSA\low_c3_2.5s_3.5s\low_c3_2.5s_3.5s_138_encode.pcm,1499848417141.0,5895,1499848421260.0,1499848421932.0,1.155,32.532,,
\\192.168.28.101\套件测试集\识别\400_noencode\jiaoqu\C3\LSA\low_c3_2.5s_3.5s\low_c3_2.5s_3.5s_138_encode.pcm,1499848417141.0,5895,1499848423756.0,1499848424428.0,,27.522,1392.0,720.0
\\192.168.28.101\套件测试集\识别\400_noencode\shiqu\LSA\C3\hight_c3_0.5s_5.5s\hight_c3_0.5s_5.5s_310_encode.pcm,1499848446547.0,2720,1499848450042.0,1499848450714.0,1.151,27.994,1447.0,775.0
\\192.168.28.101\套件测试集\识别\400_noencode\shiqu\LSA\C4\low_c4_2s_4s\low_c4_2s_4s_163_encode.pcm,1499848455034.0,4534,1499848460276.0,1499848460947.0,1.19,33.247,1379.0,708.0
\\192.168.28.101\套件测试集\识别\400_noencode\jiaoqu\C3\LSA\low_c3_0.5s_5.5s\low_c3_0.5s_5.5s_248_encode.pcm,1499848463832.0,4725,1499848465876.0,1499848466532.0,1.136,34.051,,
\\192.168.28.101\套件测试集\识别\400_noencode\jiaoqu\C3\LSA\low_c3_0.5s_5.5s\low_c3_0.5s_5.5s_248_encode.pcm,1499848463832.0,4725,1499848468731.0,1499848469418.0,,11.847,861.0,174.0
\\192.168.28.101\套件测试集\识别\400_noencode\jiaoqu\C4\LSA\hight_c4_2s_4s\hight_c4_2s_4s_214_encode.pcm,1499848474160.0,5237,1499848478793.0,1499848479465.0,1.175,31.226,68.0,
\\192.168.28.101\套件测试集\识别\400_noencode\jiaoqu\C4\LSA\low_c4_2.5s_3.5s\low_c4_2.5s_3.5s_205_encode.pcm,1499848483676.0,5355,1499848487935.0,1499848488606.0,,26.855,,
\\192.168.28.101\套件测试集\识别\400_noencode\jiaoqu\C4\LSA\hight_c4_2.5s_3.5s\hight_c4_2.5s_3.5s_290_encode.pcm,1499848492708.0,4174,1499848497451.0,1499848498122.0,1.157,32.374,1240.0,569.0
\\192.168.28.101\套件测试集\识别\400_noencode\shiqu\LSA\C3\hight_c3_2s_4s\hight_c3_2s_4s_188_encode.pcm,1499848500836.0,4643,1499848506187.0,1499848506843.0,1.19,37.756,1364.0,708.0
\\192.168.28.101\套件测试集\识别\400_noencode\jiaoqu\C3\LSA\low_c3_1s_5s\low_c3_1s_5s_261_encode.pcm,1499848509759.0,2650,1499848513004.0,1499848513676.0,1.116,24.771,1267.0,595.0
\\192.168.28.101\套件测试集\识别\400_noencode\shiqu\LSA\C3\low_c3_0.5s_5.5s\low_c3_0.5s_5.5s_138_encode.pcm,1499848517715.0,3895,1499848522348.0,1499848523005.0,1.181,47.164,1395.0,738.0
\\192.168.28.101\套件测试集\识别\400_noencode\jiaoqu\C3\LSA\low_c3_0.5s_5.5s\low_c3_0.5s_5.5s_147_encode.pcm,1499848527372.0,1705,1499848529899.0,1499848530571.0,1.119,33.508,1494.0,822.0
\\192.168.28.101\套件测试集\识别\400_noencode\shiqu\LSA\C4\low_c4_1s_5s\low_c4_1s_5s_152_encode.pcm,1499848534875.0,4440,1499848540039.0,1499848540695.0,1.28,42.43,1380.0,724.0
\\192.168.28.101\套件测试集\识别\400_noencode\shiqu\LSA\C3\hight_c3_1s_5s\hight_c3_1s_5s_103_encode.pcm,1499848544610.0,2626,1499848547886.0,1499848548558.0,1.162,23.889,1322.0,650.0
\\192.168.28.101\套件测试集\识别\400_noencode\jiaoqu\C3\LSA\hight_c3_2s_4s\hight_c3_2s_4s_282_encode.pcm,1499848552488.0,4428,1499848557605.0,1499848558276.0,1.176,32.127,1360.0,689.0
\\192.168.28.101\套件测试集\识别\400_noencode\jiaoqu\C3\LSA\hight_c3_2s_4s\hight_c3_2s_4s_352_encode.pcm,1499848561255.0,3182,1499848565358.0,1499848566030.0,1.141,37.77,1593.0,921.0
\\192.168.28.101\套件测试集\识别\400_noencode\jiaoqu\C3\LSA\low_c3_2.5s_3.5s\low_c3_2.5s_3.5s_40_encode.pcm,1499848568696.0,3894,1499848573329.0,1499848574001.0,1.139,24.245,1411.0,739.0
\\192.168.28.101\套件测试集\识别\400_noencode\shiqu\LSA\C3\hight_c3_0.5s_5.5s\hight_c3_0.5s_5.5s_129_encode.pcm,1499848576356.0,2037,1499848579102.0,1499848579773.0,1.122,22.701,1380.0,709.0
\\192.168.28.101\套件测试集\识别\400_noencode\jiaoqu\C3\LSA\low_c3_0.5s_5.5s\low_c3_0.5s_5.5s_9_encode.pcm,1499848602470.0,2939,1499848606090.0,1499848606777.0,,14.411,1368.0,681.0
\\192.168.28.101\套件测试集\识别\400_noencode\shiqu\LSA\C3\low_c3_0.5s_5.5s\low_c3_0.5s_5.5s_185_encode.pcm,1499848611019.0,3151,1499848614966.0,1499848615638.0,1.178,29.253,1468.0,796.0
\\192.168.28.101\套件测试集\识别\400_noencode\shiqu\LSA\C4\low_c4_0.5s_5.5s\low_c4_0.5s_5.5s_130_encode.pcm,1499848619911.0,3198,1499848623905.0,1499848624561.0,1.174,47.181,1452.0,796.0
\\192.168.28.101\套件测试集\识别\400_noencode\shiqu\LSA\C4\hight_c4_2s_4s\hight_c4_2s_4s_207_encode.pcm,1499848628866.0,3323,1499848632859.0,1499848633547.0,1.16,23.04,1358.0,670.0
\\192.168.28.101\套件测试集\识别\400_noencode\shiqu\LSA\C3\hight_c3_0.5s_5.5s\hight_c3_0.5s_5.5s_182_encode.pcm,1499848668038.0,2138,1499848670924.0,1499848671564.0,1.632,40.199,1388.0,748.0
\\192.168.28.101\套件测试集\识别\400_noencode\jiaoqu\C4\LSA\low_c4_1s_5s\low_c4_1s_5s_31_encode.pcm,1499848676134.0,4539,1499848681251.0,1499848681938.0,,13.083,1265.0,578.0
\\192.168.28.101\套件测试集\识别\400_noencode\shiqu\LSA\C3\low_c3_0.5s_5.5s\low_c3_0.5s_5.5s_60_encode.pcm,1499848685775.0,1825,1499848688333.0,1499848688974.0,1.341,48.286,1374.0,733.0
\\192.168.28.101\套件测试集\识别\400_noencode\jiaoqu\C3\LSA\hight_c3_0.5s_5.5s\hight_c3_0.5s_5.5s_128_encode.pcm,1499848693528.0,1657,1499848695993.0,1499848696649.0,1.091,31.991,1464.0,808.0
\\192.168.28.101\套件测试集\识别\400_noencode\jiaoqu\C4\LSA\hight_c4_2s_4s\hight_c4_2s_4s_22_encode.pcm,1499848700970.0,5047,1499848706804.0,1499848707476.0,1.156,28.422,1459.0,787.0
\\192.168.28.101\套件测试集\识别\400_noencode\shiqu\LSA\C4\low_c4_1s_5s\low_c4_1s_5s_21_encode.pcm,1499848710298.0,2646,1499848713652.0,1499848714309.0,1.163,44.026,1365.0,708.0
\\192.168.28.101\套件测试集\识别\400_noencode\shiqu\LSA\C3\hight_c3_2s_4s\hight_c3_2s_4s_77_encode.pcm,1499848718410.0,5016,1499848724167.0,1499848724839.0,1.193,34.042,1413.0,741.0
\\192.168.28.101\套件测试集\识别\400_noencode\shiqu\LSA\C3\hight_c3_2s_4s\hight_c3_2s_4s_270_encode.pcm,1499848727692.0,3987,1499848732388.0,1499848733060.0,1.144,25.771,1381.0,709.0
\\192.168.28.101\套件测试集\识别\400_noencode\shiqu\LSA\C4\low_c4_2s_4s\low_c4_2s_4s_1_encode.pcm,1499848735789.0,4295,1499848740843.0,1499848741484.0,1.285,51.339,1400.0,759.0
\\192.168.28.101\套件测试集\识别\400_noencode\shiqu\LSA\C4\hight_c4_0.5s_5.5s\hight_c4_0.5s_5.5s_64_encode.pcm,1499848744244.0,1628,1499848746584.0,1499848747256.0,1.147,22.32,1384.0,712.0
\\192.168.28.101\套件测试集\识别\400_noencode\jiaoqu\C4\LSA\low_c4_2s_4s\low_c4_2s_4s_55_encode.pcm,1499848751483.0,3123,1499848755258.0,1499848755930.0,1.138,32.843,1324.0,652.0
\\192.168.28.101\套件测试集\识别\400_noencode\jiaoqu\C4\LSA\hight_c4_1s_5s\hight_c4_1s_5s_54_encode.pcm,1499848776568.0,3444,1499848780717.0,1499848781389.0,1.322,33.55,1377.0,705.0
\\192.168.28.101\套件测试集\识别\400_noencode\shiqu\LSA\C3\hight_c3_2s_4s\hight_c3_2s_4s_88_encode.pcm,1499848785132.0,3063,1499848788892.0,1499848789579.0,,11.115,1384.0,697.0
\\192.168.28.101\套件测试集\识别\400_noencode\jiaoqu\C3\LSA\hight_c3_2s_4s\hight_c3_2s_4s_113_encode.pcm,1499848792277.0,4163,1499848795990.0,1499848796677.0,,17.561,237.0,
\\192.168.28.101\套件测试集\识别\400_noencode\jiaoqu\C3\LSA\hight_c3_0.5s_5.5s\hight_c3_0.5s_5.5s_336_encode.pcm,1499848800529.0,3298,1499848804632.0,1499848805288.0,1.247,36.011,1461.0,805.0
\\192.168.28.101\套件测试集\识别\400_noencode\shiqu\LSA\C3\low_c3_1s_5s\low_c3_1s_5s_319_encode.pcm,1499848809437.0,2752,1499848812978.0,1499848813650.0,1.157,25.248,1461.0,789.0
\\192.168.28.101\套件测试集\识别\400_noencode\jiaoqu\C4\LSA\low_c4_2s_4s\low_c4_2s_4s_40_encode.pcm,1499848836956.0,3394,1499848840965.0,1499848841652.0,1.128,21.649,1302.0,615.0
\\192.168.28.101\套件测试集\识别\400_noencode\shiqu\LSA\C4\hight_c4_2s_4s\hight_c4_2s_4s_108_encode.pcm,1499848844459.0,5310,1499848850496.0,1499848851137.0,1.198,56.58,1368.0,727.0
\\192.168.28.101\套件测试集\识别\400_noencode\shiqu\LSA\C4\hight_c4_2s_4s\hight_c4_2s_4s_108_encode.pcm,1499848844459.0,5310,1499848854147.0,1499848854834.0,,16.295,5065.0,4378.0
\\192.168.28.101\套件测试集\识别\400_noencode\shiqu\LSA\C4\hight_c4_0.5s_5.5s\hight_c4_0.5s_5.5s_240_encode.pcm,1499848853866.0,2658,1499848857236.0,1499848857876.0,1.159,48.309,1352.0,712.0
\\192.168.28.101\套件测试集\识别\400_noencode\shiqu\LSA\C3\low_c3_2s_4s\low_c3_2s_4s_117_encode.pcm,1499848862134.0,3883,1499848866721.0,1499848867408.0,1.164,25.32,1391.0,704.0
\\192.168.28.101\套件测试集\识别\400_noencode\jiaoqu\C3\LSA\low_c3_2.5s_3.5s\low_c3_2.5s_3.5s_37_encode.pcm,1499848870137.0,4011,1499848874833.0,1499848875520.0,1.162,24.259,1372.0,685.0
\\192.168.28.101\套件测试集\识别\400_noencode\shiqu\LSA\C3\hight_c3_2s_4s\hight_c3_2s_4s_41_encode.pcm,1499848877765.0,3465,1499848882024.0,1499848882680.0,1.138,35.993,1450.0,794.0
\\192.168.28.101\套件测试集\识别\400_noencode\shiqu\LSA\C3\low_c3_1s_5s\low_c3_1s_5s_62_encode.pcm,1499848905378.0,2112,1499848908201.0,1499848908873.0,1.121,28.006,1383.0,711.0
\\192.168.28.101\套件测试集\识别\400_noencode\shiqu\LSA\C4\low_c4_2s_4s\low_c4_2s_4s_134_encode.pcm,1499848912632.0,3968,1499848917296.0,1499848917952.0,1.668,38.983,1352.0,696.0
\\192.168.28.101\套件测试集\识别\400_noencode\jiaoqu\C4\LSA\hight_c4_1s_5s\hight_c4_1s_5s_41_encode.pcm,1499848920775.0,2465,1499848924035.0,1499848924692.0,1.78,40.662,1452.0,795.0
\\192.168.28.101\套件测试集\识别\400_noencode\jiaoqu\C4\LSA\hight_c4_2.5s_3.5s\hight_c4_2.5s_3.5s_284_encode.pcm,1499848928403.0,4878,1499848933848.0,1499848934520.0,1.144,24.228,1239.0,567.0
\\192.168.28.101\套件测试集\识别\400_noencode\shiqu\LSA\C3\low_c3_2s_4s\low_c3_2s_4s_257_encode.pcm,1499848936874.0,3654,1499848941305.0,1499848941976.0,1.159,24.434,1448.0,777.0
\\192.168.28.101\套件测试集\识别\400_noencode\jiaoqu\C3\LSA\low_c3_1s_5s\low_c3_1s_5s_229_encode.pcm,1499848944643.0,2258,1499848947825.0,1499848948497.0,,25.48,1596.0,924.0
\\192.168.28.101\套件测试集\识别\400_noencode\shiqu\LSA\C4\hight_c4_0.5s_5.5s\hight_c4_0.5s_5.5s_292_encode.pcm,1499848951975.0,2320,1499848954690.0,1499848955361.0,1.22,28.34,1066.0,395.0
\\192.168.28.101\套件测试集\识别\400_noencode\shiqu\LSA\C4\low_c4_0.5s_5.5s\low_c4_0.5s_5.5s_308_encode.pcm,1499848959947.0,2288,1499848962848.0,1499848963520.0,1.384,25.305,1285.0,613.0
\\192.168.28.101\套件测试集\识别\400_noencode\shiqu\LSA\C4\hight_c4_1s_5s\hight_c4_1s_5s_230_encode.pcm,1499848967840.0,2332,1499848970914.0,1499848971601.0,,16.156,1429.0,742.0
\\192.168.28.101\套件测试集\识别\400_noencode\jiaoqu\C3\LSA\hight_c3_2.5s_3.5s\hight_c3_2.5s_3.5s_64_encode.pcm,1499848975266.0,3628,1499848979650.0,1499848980337.0,1.222,22.837,1443.0,756.0
\\192.168.28.101\套件测试集\识别\400_noencode\shiqu\LSA\C4\low_c4_1s_5s\low_c4_1s_5s_96_encode.pcm,1499848982505.0,2510,1499848985734.0,1499848986421.0,,25.319,1406.0,719.0
\\192.168.28.101\套件测试集\识别\400_noencode\jiaoqu\C4\LSA\low_c4_2.5s_3.5s\low_c4_2.5s_3.5s_293_encode.pcm,1499848990102.0,3927,1499848994049.0,1499848994720.0,1.108,26.331,691.0,20.0
\\192.168.28.101\套件测试集\识别\400_noencode\shiqu\LSA\C4\hight_c4_0.5s_5.5s\hight_c4_0.5s_5.5s_260_encode.pcm,1499848997637.0,2356,1499849000538.0,1499849001210.0,1.154,24.404,1217.0,545.0
\\192.168.28.101\套件测试集\识别\400_noencode\jiaoqu\C3\LSA\low_c3_2s_4s\low_c3_2s_4s_270_encode.pcm,1499849005608.0,3987,1499849010335.0,1499849011007.0,1.163,26.92,1412.0,740.0
\\192.168.28.101\套件测试集\识别\400_noencode\shiqu\LSA\C3\hight_c3_2s_4s\hight_c3_2s_4s_103_encode.pcm,1499849013720.0,3626,1499849018073.0,1499849018745.0,1.125,28.265,1399.0,727.0
\\192.168.28.101\套件测试集\识别\400_noencode\jiaoqu\C3\LSA\hight_c3_2.5s_3.5s\hight_c3_2.5s_3.5s_278_encode.pcm,1499849021458.0,3992,1499849026091.0,1499849026763.0,1.545,38.139,1313.0,641.0
\\192.168.28.101\套件测试集\识别\400_noencode\jiaoqu\C3\LSA\hight_c3_0.5s_5.5s\hight_c3_0.5s_5.5s_9_encode.pcm,1499849046839.0,2939,1499849050552.0,1499849051224.0,1.236,25.023,1446.0,774.0
\\192.168.28.101\套件测试集\识别\400_noencode\jiaoqu\C4\LSA\hight_c4_2.5s_3.5s\hight_c4_2.5s_3.5s_85_encode.pcm,1499849055388.0,3861,1499849059631.0,1499849060319.0,1.218,23.136,1070.0,382.0
\\192.168.28.101\套件测试集\识别\400_noencode\jiaoqu\C4\LSA\low_c4_1s_5s\low_c4_1s_5s_218_encode.pcm,1499849080224.0,2267,1499849082844.0,1499849083516.0,1.134,32.665,1025.0,353.0
\\192.168.28.101\套件测试集\识别\400_noencode\shiqu\LSA\C4\hight_c4_0.5s_5.5s\hight_c4_0.5s_5.5s_285_encode.pcm,1499849087665.0,3552,1499849091970.0,1499849092642.0,1.166,28.357,1425.0,753.0
\\192.168.28.101\套件测试集\识别\400_noencode\shiqu\LSA\C3\low_c3_2s_4s\low_c3_2s_4s_169_encode.pcm,1499849096838.0,4678,1499849102360.0,1499849103016.0,1.179,31.865,1500.0,844.0
\\192.168.28.101\套件测试集\识别\400_noencode\jiaoqu\C4\LSA\low_c4_2s_4s\low_c4_2s_4s_164_encode.pcm,1499849105636.0,6042,1499849109848.0,1499849110520.0,1.142,25.462,,
\\192.168.28.101\套件测试集\识别\400_noencode\jiaoqu\C4\LSA\low_c4_2s_4s\low_c4_2s_4s_164_encode.pcm,1499849105636.0,6042,1499849112110.0,1499849112798.0,,18.583,1120.0,432.0
\\192.168.28.101\套件测试集\识别\400_noencode\jiaoqu\C4\LSA\low_c4_0.5s_5.5s\low_c4_0.5s_5.5s_44_encode.pcm,1499849187318.0,2390,1499849190329.0,1499849190985.0,1.17,41.218,1277.0,621.0
\\192.168.28.101\套件测试集\识别\400_noencode\shiqu\LSA\C3\hight_c3_1s_5s\hight_c3_1s_5s_62_encode.pcm,1499849195383.0,2112,1499849198238.0,1499849198910.0,1.147,38.841,1415.0,743.0
\\192.168.28.101\套件测试集\识别\400_noencode\shiqu\LSA\C3\hight_c3_1s_5s\hight_c3_1s_5s_120_encode.pcm,1499849202638.0,2452,1499849205851.0,1499849206507.0,1.188,36.28,1417.0,761.0
\\192.168.28.101\套件测试集\识别\400_noencode\shiqu\LSA\C4\low_c4_0.5s_5.5s\low_c4_0.5s_5.5s_348_encode.pcm,1499849210266.0,1902,1499849212824.0,1499849213512.0,1.124,24.423,1344.0,656.0
\\192.168.28.101\套件测试集\识别\400_noencode\jiaoqu\C3\LSA\low_c3_2.5s_3.5s\low_c3_2.5s_3.5s_158_encode.pcm,1499849217801.0,4470,1499849223027.0,1499849223730.0,,10.019,1459.0,756.0
\\192.168.28.101\套件测试集\识别\400_noencode\shiqu\LSA\C3\hight_c3_0.5s_5.5s\hight_c3_0.5s_5.5s_265_encode.pcm,1499849225882.0,1983,1499849228518.0,1499849229205.0,1.13,23.45,1340.0,653.0
\\192.168.28.101\套件测试集\识别\400_noencode\jiaoqu\C3\LSA\low_c3_0.5s_5.5s\low_c3_0.5s_5.5s_273_encode.pcm,1499849233479.0,2414,1499849235554.0,1499849236226.0,,25.309,333.0,
\\192.168.28.101\套件测试集\识别\400_noencode\jiaoqu\C4\LSA\hight_c4_1s_5s\hight_c4_1s_5s_168_encode.pcm,1499849241513.0,3687,1499849244742.0,1499849245414.0,1.181,27.434,214.0,
\\192.168.28.101\套件测试集\识别\400_noencode\shiqu\LSA\C3\low_c3_2s_4s\low_c3_2s_4s_79_encode.pcm,1499849250343.0,3162,1499849254196.0,1499849254868.0,,17.478,1363.0,691.0
\\192.168.28.101\套件测试集\识别\400_noencode\shiqu\LSA\C3\hight_c3_2s_4s\hight_c3_2s_4s_142_encode.pcm,1499849257612.0,3505,1499849261824.0,1499849262481.0,1.155,45.91,1364.0,707.0
\\192.168.28.101\套件测试集\识别\400_noencode\shiqu\LSA\C3\hight_c3_1s_5s\hight_c3_1s_5s_102_encode.pcm,1499849265256.0,2827,1499849268907.0,1499849269547.0,1.149,49.835,1464.0,824.0
\\192.168.28.101\套件测试集\识别\400_noencode\shiqu\LSA\C4\low_c4_0.5s_5.5s\low_c4_0.5s_5.5s_86_encode.pcm,1499849273197.0,1657,1499849275677.0,1499849276349.0,,18.881,1495.0,823.0
\\192.168.28.101\套件测试集\识别\400_noencode\shiqu\LSA\C3\low_c3_1s_5s\low_c3_1s_5s_220_encode.pcm,1499849280435.0,2605,1499849283820.0,1499849284492.0,1.643,27.088,1452.0,780.0
\\192.168.28.101\套件测试集\识别\400_noencode\jiaoqu\C3\LSA\hight_c3_2.5s_3.5s\hight_c3_2.5s_3.5s_184_encode.pcm,1499849288173.0,4547,1499849292073.0,1499849292745.0,,18.598,25.0,
\\192.168.28.101\套件测试集\识别\400_noencode\jiaoqu\C4\LSA\hight_c4_2.5s_3.5s\hight_c4_2.5s_3.5s_294_encode.pcm,1499849296347.0,4468,1499849301605.0,1499849302261.0,1.33,41.581,1446.0,790.0
\\192.168.28.101\套件测试集\识别\400_noencode\jiaoqu\C4\LSA\low_c4_0.5s_5.5s\low_c4_0.5s_5.5s_261_encode.pcm,1499849304475.0,2150,1499849307205.0,1499849307892.0,1.163,24.228,1267.0,580.0
\\192.168.28.101\套件测试集\识别\400_noencode\jiaoqu\C4\LSA\hight_c4_2s_4s\hight_c4_2s_4s_294_encode.pcm,1499849312228.0,3968,1499849316986.0,1499849317627.0,1.164,45.416,1431.0,790.0
\\192.168.28.101\套件测试集\识别\400_noencode\shiqu\LSA\C4\hight_c4_1s_5s\hight_c4_1s_5s_352_encode.pcm,1499849320356.0,2182,1499849323304.0,1499849323992.0,1.227,22.619,1454.0,766.0
\\192.168.28.101\套件测试集\识别\400_noencode\jiaoqu\C3\LSA\hight_c3_2.5s_3.5s\hight_c3_2.5s_3.5s_338_encode.pcm,1499849327657.0,4918,1499849333460.0,1499849334116.0,1.531,45.09,1541.0,885.0
\\192.168.28.101\套件测试集\识别\400_noencode\jiaoqu\C4\LSA\hight_c4_2.5s_3.5s\hight_c4_2.5s_3.5s_146_encode.pcm,1499849336174.0,4446,1499849341478.0,1499849342135.0,1.151,50.721,1515.0,858.0
\\192.168.28.101\套件测试集\识别\400_noencode\shiqu\LSA\C3\hight_c3_1s_5s\hight_c3_1s_5s_159_encode.pcm,1499849344286.0,2838,1499849347812.0,1499849348484.0,1.169,27.789,1360.0,688.0
\\192.168.28.101\套件测试集\识别\400_noencode\jiaoqu\C4\LSA\low_c4_0.5s_5.5s\low_c4_0.5s_5.5s_356_encode.pcm,1499849352227.0,3058,1499849355955.0,1499849356596.0,1.174,48.3,1311.0,670.0
\\192.168.28.101\套件测试集\识别\400_noencode\shiqu\LSA\C4\low_c4_1s_5s\low_c4_1s_5s_346_encode.pcm,1499849360932.0,2655,1499849364177.0,1499849364833.0,1.288,34.644,1246.0,590.0
\\192.168.28.101\套件测试集\识别\400_noencode\jiaoqu\C3\LSA\low_c3_2.5s_3.5s\low_c3_2.5s_3.5s_255_encode.pcm,1499849368763.0,5071,1499849374691.0,1499849375363.0,1.247,28.229,1529.0,857.0
\\192.168.28.101\套件测试集\识别\400_noencode\jiaoqu\C4\LSA\hight_c4_2.5s_3.5s\hight_c4_2.5s_3.5s_324_encode.pcm,1499849377437.0,4670,1499849382538.0,1499849383194.0,1.166,40.656,1087.0,431.0
\\192.168.28.101\套件测试集\识别\400_noencode\shiqu\LSA\C4\low_c4_0.5s_5.5s\low_c4_0.5s_5.5s_295_encode.pcm,1499849385720.0,2288,1499849388560.0,1499849389231.0,1.584,28.727,1223.0,552.0
\\192.168.28.101\套件测试集\识别\400_noencode\jiaoqu\C3\LSA\hight_c3_0.5s_5.5s\hight_c3_0.5s_5.5s_250_encode.pcm,1499849393630.0,2073,1499849396750.0,1499849397421.0,1.157,32.819,1718.0,1047.0
\\192.168.28.101\套件测试集\识别\400_noencode\jiaoqu\C3\LSA\hight_c3_2.5s_3.5s\hight_c3_2.5s_3.5s_159_encode.pcm,1499849401336.0,4338,1499849406422.0,1499849407093.0,1.181,28.274,1419.0,748.0
\\192.168.28.101\套件测试集\识别\400_noencode\jiaoqu\C4\LSA\hight_c4_0.5s_5.5s\hight_c4_0.5s_5.5s_316_encode.pcm,1499849427341.0,3411,1499849429572.0,1499849430260.0,1.149,26.5,,
\\192.168.28.101\套件测试集\识别\400_noencode\jiaoqu\C4\LSA\hight_c4_0.5s_5.5s\hight_c4_0.5s_5.5s_316_encode.pcm,1499849427341.0,3411,1499849430883.0,1499849431570.0,,18.222,818.0,131.0
\\192.168.28.101\套件测试集\识别\400_noencode\shiqu\LSA\C3\hight_c3_1s_5s\hight_c3_1s_5s_275_encode.pcm,1499849436358.0,4213,1499849441366.0,1499849442022.0,1.306,44.855,1451.0,795.0
\\192.168.28.101\套件测试集\识别\400_noencode\shiqu\LSA\C4\hight_c4_0.5s_5.5s\hight_c4_0.5s_5.5s_319_encode.pcm,1499849465016.0,2252,1499849468011.0,1499849468698.0,1.171,25.411,1430.0,743.0
\\192.168.28.101\套件测试集\识别\400_noencode\shiqu\LSA\C4\hight_c4_1s_5s\hight_c4_1s_5s_142_encode.pcm,1499849472894.0,2505,1499849476123.0,1499849476763.0,1.156,50.47,1364.0,724.0
\\192.168.28.101\套件测试集\识别\400_noencode\jiaoqu\C4\LSA\hight_c4_2s_4s\hight_c4_2s_4s_228_encode.pcm,1499849480569.0,3209,1499849483970.0,1499849484657.0,,16.85,879.0,192.0
\\192.168.28.101\套件测试集\识别\400_noencode\jiaoqu\C4\LSA\low_c4_2s_4s\low_c4_2s_4s_288_encode.pcm,1499849487854.0,3890,1499849491583.0,1499849492270.0,1.23,23.268,526.0,
\\192.168.28.101\套件测试集\识别\400_noencode\shiqu\LSA\C4\low_c4_0.5s_5.5s\low_c4_0.5s_5.5s_313_encode.pcm,1499849495857.0,1886,1499849497869.0,1499849498541.0,1.147,25.341,798.0,126.0
\\192.168.28.101\套件测试集\识别\400_noencode\jiaoqu\C4\LSA\low_c4_1s_5s\low_c4_1s_5s_333_encode.pcm,1499849503376.0,2680,1499849506761.0,1499849507418.0,1.581,40.769,1362.0,705.0
\\192.168.28.101\套件测试集\识别\400_noencode\shiqu\LSA\C3\hight_c3_0.5s_5.5s\hight_c3_0.5s_5.5s_168_encode.pcm,1499849511161.0,3187,1499849515061.0,1499849515733.0,1.19,32.584,1385.0,713.0
\\192.168.28.101\套件测试集\识别\400_noencode\jiaoqu\C3\LSA\hight_c3_2s_4s\hight_c3_2s_4s_303_encode.pcm,1499849519990.0,4115,1499849524826.0,1499849525498.0,1.595,26.953,1393.0,721.0
\\192.168.28.101\套件测试集\识别\400_noencode\jiaoqu\C4\LSA\low_c4_2.5s_3.5s\low_c4_2.5s_3.5s_165_encode.pcm,1499849528212.0,6480,1499849533266.0,1499849533938.0,1.149,26.545,,
\\192.168.28.101\套件测试集\识别\400_noencode\jiaoqu\C4\LSA\low_c4_2.5s_3.5s\low_c4_2.5s_3.5s_165_encode.pcm,1499849528212.0,6480,1499849535310.0,1499849535997.0,,26.274,1305.0,618.0
\\192.168.28.101\套件测试集\识别\400_noencode\shiqu\LSA\C3\hight_c3_0.5s_5.5s\hight_c3_0.5s_5.5s_82_encode.pcm,1499849538274.0,1743,1499849540707.0,1499849541395.0,,12.255,1378.0,690.0
\\192.168.28.101\套件测试集\识别\400_noencode\shiqu\LSA\C4\hight_c4_0.5s_5.5s\hight_c4_0.5s_5.5s_175_encode.pcm,1499849545590.0,2257,1499849548617.0,1499849549273.0,1.487,43.464,1426.0,770.0
\\192.168.28.101\套件测试集\识别\400_noencode\shiqu\LSA\C3\low_c3_1s_5s\low_c3_1s_5s_283_encode.pcm,1499849553437.0,3357,1499849557415.0,1499849558087.0,1.18,28.468,1293.0,621.0
\\192.168.28.101\套件测试集\识别\400_noencode\shiqu\LSA\C4\low_c4_0.5s_5.5s\low_c4_0.5s_5.5s_185_encode.pcm,1499849561892.0,3151,1499849565808.0,1499849566480.0,1.243,30.52,1437.0,765.0
\\192.168.28.101\套件测试集\识别\400_noencode\jiaoqu\C3\LSA\hight_c3_2.5s_3.5s\hight_c3_2.5s_3.5s_236_encode.pcm,1499849588303.0,5914,1499849593779.0,1499849594435.0,1.177,36.501,218.0,
\\192.168.28.101\套件测试集\识别\400_noencode\jiaoqu\C3\LSA\hight_c3_2.5s_3.5s\hight_c3_2.5s_3.5s_236_encode.pcm,1499849588303.0,5914,1499849594964.0,1499849595652.0,,11.831,1435.0,747.0
\\192.168.28.101\套件测试集\识别\400_noencode\jiaoqu\C3\LSA\hight_c3_2.5s_3.5s\hight_c3_2.5s_3.5s_205_encode.pcm,1499849597804.0,5355,1499849602250.0,1499849602906.0,1.157,40.742,,
\\192.168.28.101\套件测试集\识别\400_noencode\shiqu\LSA\C3\hight_c3_0.5s_5.5s\hight_c3_0.5s_5.5s_287_encode.pcm,1499849606774.0,2229,1499849609691.0,1499849610363.0,1.257,35.737,1360.0,688.0
\\192.168.28.101\套件测试集\识别\400_noencode\jiaoqu\C4\LSA\hight_c4_2s_4s\hight_c4_2s_4s_182_encode.pcm,1499849614636.0,3638,1499849618677.0,1499849619333.0,1.174,33.29,1059.0,403.0
\\192.168.28.101\套件测试集\识别\400_noencode\jiaoqu\C3\LSA\hight_c3_0.5s_5.5s\hight_c3_0.5s_5.5s_265_encode.pcm,1499849622436.0,1983,1499849625244.0,1499849625916.0,1.158,23.885,1497.0,825.0
\\192.168.28.101\套件测试集\识别\400_noencode\shiqu\LSA\C4\low_c4_0.5s_5.5s\low_c4_0.5s_5.5s_94_encode.pcm,1499849630002.0,2043,1499849632841.0,1499849633513.0,,26.585,1468.0,796.0
\\192.168.28.101\套件测试集\识别\400_noencode\jiaoqu\C3\LSA\low_c3_0.5s_5.5s\low_c3_0.5s_5.5s_266_encode.pcm,1499849637631.0,1839,1499849640220.0,1499849640877.0,1.414,37.693,1407.0,750.0
\\192.168.28.101\套件测试集\识别\400_noencode\shiqu\LSA\C4\hight_c4_1s_5s\hight_c4_1s_5s_120_encode.pcm,1499849645119.0,2452,1499849648379.0,1499849649035.0,1.13,42.074,1464.0,808.0
\\192.168.28.101\套件测试集\识别\400_noencode\shiqu\LSA\C4\hight_c4_2s_4s\hight_c4_2s_4s_344_encode.pcm,1499849652732.0,3603,1499849657084.0,1499849657756.0,1.247,24.343,1421.0,749.0
\\192.168.28.101\套件测试集\识别\400_noencode\jiaoqu\C3\LSA\low_c3_2s_4s\low_c3_2s_4s_213_encode.pcm,1499849660438.0,5298,1499849666507.0,1499849667163.0,1.259,37.992,1427.0,771.0
\\192.168.28.101\套件测试集\识别\400_noencode\shiqu\LSA\C4\hight_c4_0.5s_5.5s\hight_c4_0.5s_5.5s_259_encode.pcm,1499849669876.0,2013,1499849672669.0,1499849673325.0,1.138,43.972,1436.0,780.0
\\192.168.28.101\套件测试集\识别\400_noencode\shiqu\LSA\C4\low_c4_0.5s_5.5s\low_c4_0.5s_5.5s_39_encode.pcm,1499849677536.0,2259,1499849680500.0,1499849681156.0,1.173,35.159,1361.0,705.0
\\192.168.28.101\套件测试集\识别\400_noencode\shiqu\LSA\C4\low_c4_1s_5s\low_c4_1s_5s_286_encode.pcm,1499849685445.0,5448,1499849691451.0,1499849692107.0,1.672,40.068,1214.0,558.0
\\192.168.28.101\套件测试集\识别\400_noencode\jiaoqu\C3\LSA\low_c3_0.5s_5.5s\low_c3_0.5s_5.5s_103_encode.pcm,1499849696022.0,2126,1499849698268.0,1499849698940.0,1.152,28.125,792.0,120.0
\\192.168.28.101\套件测试集\识别\400_noencode\shiqu\LSA\C3\hight_c3_2s_4s\hight_c3_2s_4s_73_encode.pcm,1499849703775.0,5875,1499849710374.0,1499849711030.0,1.348,42.125,1380.0,724.0
\\192.168.28.101\套件测试集\识别\400_noencode\jiaoqu\C3\LSA\low_c3_2.5s_3.5s\low_c3_2.5s_3.5s_152_encode.pcm,1499849713790.0,5940,1499849717659.0,1499849718347.0,,16.91,,
\\192.168.28.101\套件测试集\识别\400_noencode\jiaoqu\C3\LSA\low_c3_2.5s_3.5s\low_c3_2.5s_3.5s_152_encode.pcm,1499849713790.0,5940,1499849718814.0,1499849719517.0,,12.491,,
\\192.168.28.101\套件测试集\识别\400_noencode\jiaoqu\C3\LSA\hight_c3_0.5s_5.5s\hight_c3_0.5s_5.5s_261_encode.pcm,1499849723338.0,2150,1499849726286.0,1499849726958.0,1.155,22.223,1470.0,798.0
\\192.168.28.101\套件测试集\识别\400_noencode\shiqu\LSA\C4\hight_c4_0.5s_5.5s\hight_c4_0.5s_5.5s_120_encode.pcm,1499849731263.0,1952,1499849733961.0,1499849734618.0,1.129,44.516,1403.0,746.0
\\192.168.28.101\套件测试集\识别\400_noencode\jiaoqu\C3\LSA\hight_c3_0.5s_5.5s\hight_c3_0.5s_5.5s_290_encode.pcm,1499849738844.0,2174,1499849741808.0,1499849742480.0,1.254,32.904,1462.0,790.0
\\192.168.28.101\套件测试集\识别\400_noencode\jiaoqu\C3\LSA\low_c3_2.5s_3.5s\low_c3_2.5s_3.5s_7_encode.pcm,1499849746691.0,4011,1499849750451.0,1499849751122.0,,16.355,420.0,
\\192.168.28.101\套件测试集\识别\400_noencode\jiaoqu\C3\LSA\low_c3_2.5s_3.5s\low_c3_2.5s_3.5s_7_encode.pcm,1499849746691.0,4011,1499849751418.0,1499849752105.0,,10.801,1403.0,716.0
\\192.168.28.101\套件测试集\识别\400_noencode\jiaoqu\C4\LSA\hight_c4_0.5s_5.5s\hight_c4_0.5s_5.5s_112_encode.pcm,1499849754273.0,3164,1499849758297.0,1499849758954.0,1.167,46.172,1517.0,860.0
\\192.168.28.101\套件测试集\识别\400_noencode\shiqu\LSA\C3\hight_c3_0.5s_5.5s\hight_c3_0.5s_5.5s_239_encode.pcm,1499849763071.0,1937,1499849765630.0,1499849766301.0,1.145,25.168,1293.0,622.0
\\192.168.28.101\套件测试集\识别\400_noencode\jiaoqu\C3\LSA\hight_c3_2.5s_3.5s\hight_c3_2.5s_3.5s_292_encode.pcm,1499849770606.0,4320,1499849775629.0,1499849776317.0,1.123,25.756,1391.0,703.0
\\192.168.28.101\套件测试集\识别\400_noencode\shiqu\LSA\C3\low_c3_2s_4s\low_c3_2s_4s_249_encode.pcm,1499849778515.0,5280,1499849784521.0,1499849785193.0,1.212,34.109,1398.0,726.0
\\192.168.28.101\套件测试集\识别\400_noencode\shiqu\LSA\C4\hight_c4_0.5s_5.5s\hight_c4_0.5s_5.5s_67_encode.pcm,1499849787922.0,1485,1499849790106.0,1499849790778.0,1.161,24.746,1371.0,699.0
\\192.168.28.101\套件测试集\识别\400_noencode\shiqu\LSA\C3\low_c3_0.5s_5.5s\low_c3_0.5s_5.5s_80_encode.pcm,1499849795005.0,1682,1499849797376.0,1499849798048.0,,31.656,1361.0,689.0
\\192.168.28.101\套件测试集\识别\400_noencode\jiaoqu\C3\LSA\hight_c3_2.5s_3.5s\hight_c3_2.5s_3.5s_321_encode.pcm,1499849802305.0,4091,1499849807266.0,1499849807922.0,1.145,37.511,1526.0,870.0
\\192.168.28.101\套件测试集\识别\400_noencode\shiqu\LSA\C4\hight_c4_1s_5s\hight_c4_1s_5s_107_encode.pcm,1499849810074.0,4644,1499849815425.0,1499849816097.0,1.777,35.719,1379.0,707.0
\\192.168.28.101\套件测试集\识别\400_noencode\jiaoqu\C4\LSA\low_c4_2.5s_3.5s\low_c4_2.5s_3.5s_326_encode.pcm,1499849819824.0,3893,1499849824348.0,1499849825005.0,1.125,32.47,1288.0,631.0
\\192.168.28.101\套件测试集\识别\400_noencode\jiaoqu\C3\LSA\low_c3_2.5s_3.5s\low_c3_2.5s_3.5s_325_encode.pcm,1499849827328.0,4201,1499849831836.0,1499849832477.0,1.164,42.927,948.0,307.0
\\192.168.28.101\套件测试集\识别\400_noencode\shiqu\LSA\C4\low_c4_0.5s_5.5s\low_c4_0.5s_5.5s_183_encode.pcm,1499849835190.0,2403,1499849838248.0,1499849838904.0,1.139,40.133,1311.0,655.0
\\192.168.28.101\套件测试集\识别\400_noencode\shiqu\LSA\C3\hight_c3_0.5s_5.5s\hight_c3_0.5s_5.5s_116_encode.pcm,1499849843256.0,1779,1499849845720.0,1499849846392.0,1.635,23.855,1357.0,685.0
\\192.168.28.101\套件测试集\识别\400_noencode\shiqu\LSA\C3\low_c3_1s_5s\low_c3_1s_5s_234_encode.pcm,1499849850650.0,2113,1499849853505.0,1499849854177.0,,20.468,1414.0,742.0
\\192.168.28.101\套件测试集\识别\400_noencode\jiaoqu\C3\LSA\hight_c3_2s_4s\hight_c3_2s_4s_170_encode.pcm,1499849857889.0,3629,1499849862366.0,1499849863022.0,1.139,31.635,1504.0,848.0
\\192.168.28.101\套件测试集\识别\400_noencode\jiaoqu\C3\LSA\hight_c3_2s_4s\hight_c3_2s_4s_147_encode.pcm,1499849865626.0,3205,1499849869604.0,1499849870292.0,1.088,23.73,1461.0,773.0
\\192.168.28.101\套件测试集\识别\400_noencode\shiqu\LSA\C4\hight_c4_2s_4s\hight_c4_2s_4s_200_encode.pcm,1499849872943.0,4726,1499849878106.0,1499849878778.0,1.252,35.288,1109.0,437.0
\\192.168.28.101\套件测试集\识别\400_noencode\shiqu\LSA\C4\low_c4_1s_5s\low_c4_1s_5s_87_encode.pcm,1499849881788.0,2244,1499849884846.0,1499849885533.0,,20.438,1501.0,814.0
\\192.168.28.101\套件测试集\识别\400_noencode\jiaoqu\C3\LSA\low_c3_1s_5s\low_c3_1s_5s_175_encode.pcm,1499849889120.0,2757,1499849892614.0,1499849893286.0,1.454,36.449,1409.0,737.0
\\192.168.28.101\套件测试集\识别\400_noencode\shiqu\LSA\C3\hight_c3_0.5s_5.5s\hight_c3_0.5s_5.5s_289_encode.pcm,1499849896982.0,2638,1499849900274.0,1499849900946.0,1.208,24.195,1326.0,654.0
\\192.168.28.101\套件测试集\识别\400_noencode\jiaoqu\C4\LSA\hight_c4_2s_4s\hight_c4_2s_4s_48_encode.pcm,1499849905250.0,3862,1499849909915.0,1499849910571.0,1.153,32.111,1459.0,803.0
\\192.168.28.101\套件测试集\识别\400_noencode\shiqu\LSA\C3\hight_c3_1s_5s\hight_c3_1s_5s_313_encode.pcm,1499849913206.0,2386,1499849916358.0,1499849917045.0,1.169,24.231,1453.0,766.0
\\192.168.28.101\套件测试集\识别\400_noencode\jiaoqu\C4\LSA\hight_c4_2.5s_3.5s\hight_c4_2.5s_3.5s_333_encode.pcm,1499849920710.0,4180,1499849925609.0,1499849926296.0,1.133,23.521,1406.0,719.0
\\192.168.28.101\套件测试集\识别\400_noencode\shiqu\LSA\C4\low_c4_2s_4s\low_c4_2s_4s_274_encode.pcm,1499849928510.0,3896,1499849933003.0,1499849933675.0,1.149,38.96,1269.0,597.0
\\192.168.28.101\套件测试集\识别\400_noencode\jiaoqu\C4\LSA\hight_c4_2s_4s\hight_c4_2s_4s_44_encode.pcm,1499849936529.0,3890,1499849941162.0,1499849941818.0,1.18,35.361,1399.0,743.0
\\192.168.28.101\套件测试集\识别\400_noencode\shiqu\LSA\C3\hight_c3_1s_5s\hight_c3_1s_5s_253_encode.pcm,1499849944609.0,4608,1499849950101.0,1499849950741.0,1.2,45.759,1524.0,884.0
\\192.168.28.101\套件测试集\识别\400_noencode\jiaoqu\C3\LSA\low_c3_2s_4s\low_c3_2s_4s_304_encode.pcm,1499849954313.0,3181,1499849958088.0,1499849958760.0,1.191,26.129,1266.0,594.0
\\192.168.28.101\套件测试集\识别\400_noencode\jiaoqu\C4\LSA\hight_c4_2.5s_3.5s\hight_c4_2.5s_3.5s_188_encode.pcm,1499849961629.0,5143,1499849967542.0,1499849968213.0,1.222,32.769,1441.0,770.0
\\192.168.28.101\套件测试集\识别\400_noencode\shiqu\LSA\C3\hight_c3_1s_5s\hight_c3_1s_5s_295_encode.pcm,1499849970365.0,2788,1499849973828.0,1499849974500.0,1.147,27.855,1347.0,675.0
\\192.168.28.101\套件测试集\识别\400_noencode\jiaoqu\C3\LSA\low_c3_2.5s_3.5s\low_c3_2.5s_3.5s_198_encode.pcm,1499849978275.0,4929,1499849984015.0,1499849984687.0,,28.04,1483.0,811.0
\\192.168.28.101\套件测试集\识别\400_noencode\jiaoqu\C3\LSA\hight_c3_0.5s_5.5s\hight_c3_0.5s_5.5s_139_encode.pcm,1499849986777.0,4095,1499849991644.0,1499849992300.0,1.273,44.921,1428.0,772.0
\\192.168.28.101\套件测试集\识别\400_noencode\jiaoqu\C3\LSA\hight_c3_1s_5s\hight_c3_1s_5s_54_encode.pcm,1499849996495.0,3444,1499850000754.0,1499850001410.0,1.178,33.169,1471.0,815.0
\\192.168.28.101\套件测试集\识别\400_noencode\jiaoqu\C3\LSA\low_c3_2s_4s\low_c3_2s_4s_340_encode.pcm,1499850005044.0,3839,1499850009459.0,1499850010115.0,1.246,35.931,1232.0,576.0
